result_id,family,design_group,anchor,pdf_page,combined_pdf_page,printed_page_label,date,status,decision,summary_path,machine_record_path
goal-completion-scope-development-001,Learner state and timing,Learner estimation and intervention timing,trial-3c398dee92da,125,160,S-125,2026-09-06,144 histories; unsupported completion 12 to 0,Keep lifecycle correction only,research/05_evaluation/goal-completion-scope-development-001-results.md,research/05_evaluation/records/goal-completion-scope-development-001.json
goal-completion-scope-development-001-baseline,Learner state and timing,Learner estimation and intervention timing,trial-f7c3a97ceb4b,126,161,S-126,2026-09-06,Completed; 12 unsupported completions in 11 histories,Drop unscoped completion,research/05_evaluation/goal-completion-scope-development-001-results.md,research/05_evaluation/records/goal-completion-scope-development-001-baseline.json
goal-completion-scope-development-001-candidate,Learner state and timing,Learner estimation and intervention timing,trial-f91a483007bf,126,161,S-126,2026-09-06,Completed; 0 unsupported; 15 supported; 19 gates passed,Keep correction; no learning-quality claim,research/05_evaluation/goal-completion-scope-development-001-results.md,research/05_evaluation/records/goal-completion-scope-development-001-candidate.json
goal-completion-scope-review-audit-001,Learner state and timing,Learner estimation and intervention timing,trial-bce1b274834c,127,162,S-127,2026-09-06,Confirmed defect; initial measurement/harness errors retained,Refine; separate paired correction,research/05_evaluation/goal-completion-scope-review-audit-001-results.md,research/05_evaluation/records/goal-completion-scope-review-audit-001.json
final-response-support-audit-002-exposed-live-001,Evaluation instruments and evidence governance,Measurement correction and semantic review,trial-fc31af740fe7,263,298,S-263,2026-09-06,Stopped24calls;1timeout/unknown cost;critical survives,Drop; no fresh128 or further prompt-only retry,research/05_evaluation/final-response-support-audit-002-exposed-live-001-results.md,research/05_evaluation/records/final-response-support-audit-002-exposed-live-001.json
final-response-support-audit-001-exposed-live-001,Evaluation instruments and evidence governance,Measurement correction and semantic review,trial-52bcf58cb4e9,262,297,S-262,2026-09-06,Stopped54calls;2schema failures;known critical survives,Refine; fresh128 not run; no integration,research/05_evaluation/final-response-support-audit-001-exposed-live-001-results.md,research/05_evaluation/records/final-response-support-audit-001-exposed-live-001.json
mixed-source-candidate-recovery-development-001-attempt-006,"Persistence, delivery and operations",Local deployment and service continuity,trial-8a065b112363,224,259,S-224,2026-09-06,Completed: 143/143 assertions,Keep integration coverage only,research/05_evaluation/mixed-source-candidate-recovery-development-001-attempt-006-results.md,research/05_evaluation/records/mixed-source-candidate-recovery-development-001-attempt-006.json
mixed-source-candidate-recovery-development-001-attempt-005,"Persistence, delivery and operations",Local deployment and service continuity,trial-cc5909b39bc7,224,259,S-224,2026-09-06,Completed: 139/139 assertions,Keep integration coverage only,research/05_evaluation/mixed-source-candidate-recovery-development-001-attempt-005-results.md,research/05_evaluation/records/mixed-source-candidate-recovery-development-001-attempt-005.json
mixed-source-candidate-recovery-development-001-attempt-004,"Persistence, delivery and operations",Local deployment and service continuity,trial-9d18010613c9,224,259,S-224,2026-09-06,Failed harness setup: 58/59 assertions,Refine the harness setup; no product quality conclusion,research/05_evaluation/mixed-source-candidate-recovery-development-001-attempt-004-results.md,research/05_evaluation/records/mixed-source-candidate-recovery-development-001-attempt-004.json
mixed-source-candidate-recovery-development-001-attempt-003,"Persistence, delivery and operations",Local deployment and service continuity,trial-dc7c99cd2e59,223,258,S-223,2026-09-06,Failed harness setup: 47/48 assertions,Refine the harness setup; no product quality conclusion,research/05_evaluation/mixed-source-candidate-recovery-development-001-attempt-003-results.md,research/05_evaluation/records/mixed-source-candidate-recovery-development-001-attempt-003.json
mixed-source-candidate-recovery-development-001-attempt-002,"Persistence, delivery and operations",Local deployment and service continuity,trial-1d1a4c0b62e6,223,258,S-223,2026-09-06,Failed harness setup: 0/0 assertions,Refine the harness setup; no product quality conclusion,research/05_evaluation/mixed-source-candidate-recovery-development-001-attempt-002-results.md,research/05_evaluation/records/mixed-source-candidate-recovery-development-001-attempt-002.json
mixed-source-candidate-recovery-development-001-attempt-001,"Persistence, delivery and operations",Local deployment and service continuity,trial-633a097c3f41,222,257,S-222,2026-09-06,Failed harness setup: 0/0 assertions,Refine the harness setup; no product quality conclusion,research/05_evaluation/mixed-source-candidate-recovery-development-001-attempt-001-results.md,research/05_evaluation/records/mixed-source-candidate-recovery-development-001-attempt-001.json
final-profile-asgi-tutoring-concurrency-development-20260906-002,"Persistence, delivery and operations",Local deployment and service continuity,trial-b783291ee3c9,220,255,S-220,2026-09-06,100/100POST;150calls;providerpeak5;one safe graph failure,Keep explicit development concurrency;Refinequality;serialdefault retained,research/05_evaluation/final-profile-asgi-tutoring-concurrency-development-20260906-002-results.md,research/05_evaluation/records/final-profile-asgi-tutoring-concurrency-development-20260906-002.json
final-profile-asgi-tutoring-concurrency-development-20260906-001,"Persistence, delivery and operations",Local deployment and service continuity,trial-e8b21f41e6f4,219,254,S-219,2026-09-06,100/100 POST contracts; 150 calls; provider peak1; 94answer/3question/3no-evidence,Refine serialized budget; no quality/deployment qualification,research/05_evaluation/final-profile-asgi-tutoring-concurrency-development-20260906-001-results.md,research/05_evaluation/records/final-profile-asgi-tutoring-concurrency-development-20260906-001.json
cross-course-quality-development-001-live-005-failure-diagnostic-001,"Persistence, delivery and operations",Local deployment and service continuity,trial-f5263d790f2d,219,254,S-219,2026-09-06,Four candidate closed failures confirmed; incumbent paths never reached injection,Keep separate operational diagnostic; original39/44 and all gold unchanged,research/05_evaluation/cross-course-quality-development-001-live-005-failure-diagnostic-001-results.md,research/05_evaluation/records/cross-course-quality-development-001-live-005-failure-diagnostic-001.json
cross-course-quality-development-001-live-005,Retrieval and factual grounding,Text retrieval and factual answers,trial-f7340a9c51f9,57,92,S-57,2026-09-06,44/44 external responses accepted; zero unexpected failures; four injected timeouts; candidate39/44 versus incumbent28/44 mechanical diagnostics,"Go Deeper for bounded operational pilot; Refine quality, labels and profile progression; no promotion",research/05_evaluation/cross-course-quality-development-001-live-005-results.md,research/05_evaluation/records/cross-course-quality-development-001-live-005.json
cross-course-quality-development-001-live-004,Retrieval and factual grounding,Text retrieval and factual answers,trial-947c4c082e93,56,91,S-56,2026-09-06,Refine: 27/44 external calls accepted; 17 localized schema failures; four injected timeouts,Correct conditional schema; retain 28/44 versus 30/44 mechanical diagnostics without quality promotion,research/05_evaluation/cross-course-quality-development-001-live-004-results.md,research/05_evaluation/records/cross-course-quality-development-001-live-004.json
cross-course-quality-development-001-diagnostic-003,Retrieval and factual grounding,Text retrieval and factual answers,trial-941fbbd5417a,55,90,S-55,2026-09-06,"Completed: two external responses accepted, both explanatory outputs supported",Go Deeper: remaining schema failure not reproduced; no full-quality pass,research/05_evaluation/cross-course-quality-development-001-diagnostic-003-results.md,research/05_evaluation/records/cross-course-quality-development-001-diagnostic-003.json
cross-course-quality-development-001-live-002,Response generation and revision,Instructional generation and repair,trial-599221621f07,70,105,S-70,2026-09-06,"Partial integration failure: 24/44 external responses accepted, 20 malformed; four injected timeouts",Refine transport and explanatory-profile override; assistant review separate from unqualified 28/44 versus 19/44 diagnostics,research/05_evaluation/cross-course-quality-development-001-live-002-results.md,research/05_evaluation/records/cross-course-quality-development-001-live-002.json
schema18-foundation-development-20260906-001,"Persistence, delivery and operations",Local deployment and service continuity,trial-76e8b860d482,225,260,S-225,2026-09-06,Completed: 42/42; schema18 clean restore; zero external calls,Go Deeper to exact deployed candidate; no capacity/quality qualification,research/05_evaluation/schema18-foundation-development-20260906-001-results.md,research/05_evaluation/records/schema18-foundation-development-20260906-001.json
cross-course-quality-development-001-live-001,Response generation and revision,Instructional generation and repair,trial-52836a1e55ca,69,104,S-69,2026-09-06,Integration failed: all 44 external responses rejected by missing transport task validator; four injected timeouts separate,Refine transport and runner classification; 28/44 versus 6/44 diagnostics are not model-quality comparison,research/05_evaluation/cross-course-quality-development-001-live-001-results.md,research/05_evaluation/records/cross-course-quality-development-001-live-001.json
teaching-profile-responsiveness-development-001-live-001,Instructor configuration and teaching policy,Instructor policy and profile alignment,trial-a2add7a20354,115,150,S-115,2026-09-05,Refine: style diagnostic 3/6 in both; delivered content differs in 2/3 candidate pairs,Do not promote; renderer exposes full explanation in Socratic mode,research/05_evaluation/teaching-profile-responsiveness-development-001-live-001-results.md,research/05_evaluation/records/teaching-profile-responsiveness-development-001-live-001.json
final-profile-live-longitudinal-development-001-live-001,Evaluation instruments and evidence governance,Benchmark construction and evaluation process,trial-559639cea75f,245,280,S-245,2026-09-05,"36/36 actual model calls, four restarts, zero recorded timing violations",Keep wiring; no quality or release pass,research/05_evaluation/final-profile-live-longitudinal-development-001-live-001-results.md,research/05_evaluation/records/final-profile-live-longitudinal-development-001-live-001.json
natural-course-quality-development-v1-contract-baseline-001,Evaluation instruments and evidence governance,Benchmark construction and evaluation process,trial-88d2ec164be5,246,281,S-246,2026-09-05,Completed development: 11/12 exact-span/citation checks and 3/4 boundaries; zero model/client calls,"Refine query-to-evidence adequacy; retain both failures, no live-quality claim",research/05_evaluation/natural-course-quality-development-v1-contract-baseline-001-results.md,research/05_evaluation/records/natural-course-quality-development-v1-contract-baseline-001.json
final-profile-live-longitudinal-development-001-contract-001,Evaluation instruments and evidence governance,Benchmark construction and evaluation process,trial-4c85babd5225,244,279,S-244,2026-09-05,"Completed contract smoke, zero real model calls",Keep harness development only; no live or release pass,research/05_evaluation/final-profile-live-longitudinal-development-001-contract-001-results.md,research/05_evaluation/records/final-profile-live-longitudinal-development-001-contract-001.json
local-r1-governed-v2-1-release-qualification-011,"Persistence, delivery and operations",Local deployment and service continuity,trial-68feef30f065,216,251,S-216,2026-09-05,"Completed Keep: 43/43 operational checks, 51/51 container tests, browser smoke and log audit passed",Keep corrected local operations; retain 010/T0 rollback and factual-quality limits,research/05_evaluation/local-r1-governed-v2-1-release-qualification-011-results.md,research/05_evaluation/records/local-r1-governed-v2-1-release-qualification-011.json
final-cross-method-factual-confirmation-001-analysis-correction-001,Evaluation instruments and evidence governance,Measurement correction and semantic review,trial-fdaf86de41d0,260,295,S-260,2026-09-05,Completed analysis correction,Refine unchanged; disclose vacuous citation validity and missing local raw artifacts,research/05_evaluation/final-cross-method-factual-confirmation-001-analysis-correction-001-results.md,research/05_evaluation/records/final-cross-method-factual-confirmation-001-analysis-correction-001.json
governed-full-autonomy-v2-1-final-release-binding-001,Autonomous orchestration,Bounded autonomous tutoring,trial-942bddedaa03,166,201,S-166,2026-09-05,"Completed binding: explicit BM25, dominance gate, deterministic factual generator, Luna H+E1 orchestration, text/OCR fallback, profile hash, and T0 rollback",Keep the exact governed T1-v2 composition for local HTTPS qualification; retain factual Refine and visual Drop boundaries,research/05_evaluation/governed-full-autonomy-v2-1-final-release-binding-001-results.md,research/05_evaluation/records/governed-full-autonomy-v2-1-final-release-binding-001.json
true-visual-omni-confirmation-002,Multimodal evidence,Visual retrieval and source-region grounding,trial-440b4d6ea0c5,66,101,S-66,2026-09-05,Completed Refine: Jina v5 reached 16/30 fully grounded versus 26/30 for text/OCR; both had zero boundary releases,Drop Jina v5 omni from release selection; retain text/OCR fallback without a representative visual-quality claim,research/05_evaluation/true-visual-omni-confirmation-002-results.md,research/05_evaluation/records/true-visual-omni-confirmation-002.json
final-cross-method-factual-confirmation-001-attempt-001-invalid,Retrieval and factual grounding,Text retrieval and factual answers,trial-797464624668,55,90,S-55,2026-09-05,Invalid before the first response because the synthetic course owner and domain-model approver identities differed,"Apply the one permitted identity-binding correction; do not change methods, data, gold, gates, or selection rules",research/05_evaluation/final-cross-method-factual-confirmation-001-attempt-001-invalid-results.md,research/05_evaluation/records/final-cross-method-factual-confirmation-001-attempt-001-invalid.json
professor-fidelity-proxy-c0-c3-003-analysis-correction-001,Evaluation instruments and evidence governance,Measurement correction and semantic review,trial-3265c0cbed79,261,296,S-261,2026-09-05,"Completed Refine: transport, identity, and accounting were valid, but 3/12 C0 abstentions had empty responses; overall non-empty completeness 45/48; review never began","Treat the model-output contract failure as quality evidence, make no profile-uplift claim, and do not tune or rerun the same packet",research/05_evaluation/professor-fidelity-proxy-c0-c3-003-analysis-correction-001-results.md,research/05_evaluation/records/professor-fidelity-proxy-c0-c3-003-analysis-correction-001.json
professor-fidelity-proxy-c0-c3-003,Instructor configuration and teaching policy,Instructor policy and profile alignment,trial-da0f54588228,115,150,S-115,2026-09-05,Raw runner invalid after 48/48 completed calls: 3 C0 abstentions violated the non-empty response contract; 0/24 advisory reviews ran,Preserve the raw status and use the separate analysis correction for the stricter Refine interpretation,research/05_evaluation/professor-fidelity-proxy-c0-c3-003-invalid-results.md,research/05_evaluation/records/professor-fidelity-proxy-c0-c3-003-invalid.json
local-r1-governed-v2-1-release-qualification-008,"Persistence, delivery and operations",Local deployment and service continuity,trial-be4fce4ca82f,214,249,S-214,2026-09-05,"Completed Keep: 25/25 live, 6/6 restart, 6/6 clean restore, 3/3 T0 rollback, 3/3 V2.1 restoration; desktop/exact 390x844 smoke passed",Keep the local R1.2 research demo; retain text/OCR fallback and R1.1/T0 rollback boundaries,research/05_evaluation/local-r1-governed-v2-1-release-qualification-008-results.md,research/05_evaluation/records/local-r1-governed-v2-1-release-qualification-008.json
local-r1-governed-v2-1-release-qualification-008-attempt-001-invalid,"Persistence, delivery and operations",Local deployment and service continuity,trial-ba30ea5291db,215,250,S-215,2026-09-05,"Invalid after 25/25 HTTPS and 6/6 restart checks: offline backup startup incorrectly required an inference credential, so restore and rollback were not evaluated","Fix the shared offline-administration configuration boundary once, preserve runtime credential enforcement, and rerun from a fresh clean revision/stack",research/05_evaluation/local-r1-governed-v2-1-release-qualification-008-attempt-001-invalid-results.md,research/05_evaluation/records/local-r1-governed-v2-1-release-qualification-008-attempt-001-invalid.json
stateful-clarification-confirmation-001,Evaluation instruments and evidence governance,Benchmark construction and evaluation process,trial-77c3adb01df2,246,281,S-246,2026-09-05,"Completed Keep: candidate grounded completion 100% versus fail-closed control 25% (+75 points), with 100% boundary, invalid-reply, source-version, restart, and idempotency checks",Carry `stateful-source-clarification-v1` into exact local R1.2 requalification; retain R1.1 as rollback until it passes,research/05_evaluation/stateful-clarification-confirmation-001-results.md,research/05_evaluation/records/stateful-clarification-confirmation-001.json
true-visual-colpali-confirmation-001,Multimodal evidence,Visual retrieval and source-region grounding,trial-64e02caff1dd,65,100,S-65,2026-09-04,Completed Go Deeper: candidate reached 28/30 complete evidence@3 and 30/30 recall@5 versus 18/30 and 18/30 for BM25; all retrieval gates passed,Carry the candidate into one actual-product answer/boundary/citation checkpoint; do not yet select or claim representative multimodal product capability,research/05_evaluation/true-visual-colpali-confirmation-001-results.md,research/05_evaluation/records/true-visual-colpali-confirmation-001.json
local-r1-governed-v2-1-release-qualification-006,"Persistence, delivery and operations",Local deployment and service continuity,trial-7c466bf946e9,211,246,S-211,2026-09-04,"Completed Keep: 25/25 live, 6/6 restart, 6/6 clean restore, 3/3 T0 rollback, 3/3 V2.1 restoration, and no critical browser defect",Keep the exact local research demo with T0 rollback; retain academic grounding No Release and the visual/fidelity claim boundaries,research/05_evaluation/local-r1-governed-v2-1-release-qualification-006-results.md,research/05_evaluation/records/local-r1-governed-v2-1-release-qualification-006.json
local-r1-governed-v2-1-release-qualification-006-attempt-001-invalid,"Persistence, delivery and operations",Local deployment and service continuity,trial-39ba7798f562,211,246,S-211,2026-09-04,Invalid execution before journey: the API correctly rejected a documentation-only profile edit because it changed the frozen profile hash,"Restore only the exact immutable profile bytes, preserve the failure, rebuild, and permit one binding-only corrective attempt",research/05_evaluation/local-r1-governed-v2-1-release-qualification-006-attempt-001-invalid-results.md,research/05_evaluation/records/local-r1-governed-v2-1-release-qualification-006-attempt-001-invalid.json
governed-full-autonomy-v2-1-multi-concept-confirmation-025,Learner state and timing,Learner estimation and intervention timing,trial-78f32fa6dea3,125,160,S-125,2026-09-04,"Completed Keep: both reactive and autonomous T1-v2 reached 100% attribution, assessment agreement, and attempt recognition with zero timing violations or provider calls",Keep the correction for exact local requalification; retain weak next-outcome prediction and 32.9% wasted interventions as limitations,research/05_evaluation/governed-full-autonomy-v2-1-multi-concept-confirmation-025-results.md,research/05_evaluation/records/governed-full-autonomy-v2-1-multi-concept-confirmation-025.json
local-r1-governed-v2-1-release-qualification-005,"Persistence, delivery and operations",Local deployment and service continuity,trial-81cf08f0124f,210,245,S-210,2026-09-04,"Completed Keep for local research demo: 25/25 live journey, 6/6 restart, 6/6 clean restore, 3/3 T0 rollback, 3/3 governed restoration",Keep the exact local operational composition with T0 rollback; retain academic factual grounding as No Release,research/05_evaluation/local-r1-governed-v2-1-release-qualification-005-results.md,research/05_evaluation/records/local-r1-governed-v2-1-release-qualification-005.json
grounding-floor-audit-reproduction-001,"Persistence, delivery and operations",Local deployment and service continuity,trial-f1f426893092,209,244,S-209,2026-09-04,Completed corrected: answerable factual success is 42.50% versus 26.00%; the historical 50.00% versus 36.80% values are overall task success; central tie-safety finding reproduced but every historical count was not,"Keep the relative development selection, correct its claim, and treat the four audits as bounded mechanism evidence rather than proof of a universal task floor",research/05_evaluation/grounding-floor-audit-reproduction-001-results.md,research/05_evaluation/records/grounding-floor-audit-reproduction-001.json
governed-full-autonomy-v2-1-release-binding-correction-001,Autonomous orchestration,Bounded autonomous tutoring,trial-7f73411cc07e,166,201,S-166,2026-09-04,"Completed binding correction: exact Luna H+E1, dominance gate, deterministic generator, profile hash, and T0 rollback are composed without creating new quality evidence",Use only for fresh local HTTPS qualification 005; it does not retroactively qualify the composed release or create an absolute grounding pass,research/05_evaluation/../04_experiments/2026-09-04-local-r1-governed-v2-1-release-qualification-005-plan.md,research/05_evaluation/records/governed-full-autonomy-v2-1-release-binding-correction-001.json
wrong-region-selection-audit-001,"Persistence, delivery and operations",Local deployment and service continuity,trial-238c75b371f6,213,248,S-213,2026-09-04,"Completed no change: 42 of 44 cite the right document and the wrong region, the gold region is retrieved in 41 and falls below the coverage threshold in 31, and it is outranked after clearing the threshold in zero","Ship nothing; lowering the threshold from 0.50 to 0.25 leaves gold unchanged while doubling wrong leaders, so the measure itself is what limits grounding",research/05_evaluation/wrong-region-selection-audit-001-results.md,research/05_evaluation/records/wrong-region-selection-audit-001.json
tie-resolution-hypothesis-audit-001,"Persistence, delivery and operations",Local deployment and service continuity,trial-96907f3b9afd,212,247,S-212,2026-09-04,"Completed no change: three mechanisms measured before implementation and all three discarded; the best secondary tiebreaker picks a wrong region in 61 of 184, and the public title anchor narrows zero ties",Ship nothing; keep refusing genuine ties and record what the measurements rule out,research/05_evaluation/tie-resolution-hypothesis-audit-001-results.md,research/05_evaluation/records/tie-resolution-hypothesis-audit-001.json
local-r1-governed-v2-1-release-qualification-004,"Persistence, delivery and operations",Local deployment and service continuity,trial-592be51efbe1,210,245,S-210,2026-09-04,"Completed Keep: 25/25 live HTTPS journey, 6/6 restart persistence, 6/6 T0 rollback, 6/6 governed V2.1 restoration","Ship `dominance-scoped-ambiguity-safe-v3`, the gate selection 004 promoted, with T0 as the one-setting rollback",research/05_evaluation/local-r1-governed-v2-1-release-qualification-004-results.md,research/05_evaluation/records/local-r1-governed-v2-1-release-qualification-004.json
product-evidence-gate-selection-004,Evaluation instruments and evidence governance,Benchmark construction and evaluation process,trial-183c1da704b6,244,279,S-244,2026-09-04,Historical record promoted the candidate using 50.00% versus 36.80% labelled as factual success; correction 001 establishes these are overall rates and the factual rates are 42.50% versus 26.00%; severe releases and operational failures remain zero,"Keep the relative selection of `dominance-scoped-ambiguity-safe-v3`, subject to exact local qualification; do not claim an absolute grounding pass",research/05_evaluation/product-evidence-gate-selection-004-results.md,research/05_evaluation/records/product-evidence-gate-selection-004.json
evidence-range-match-correction-001,Evaluation instruments and evidence governance,Benchmark construction and evaluation process,trial-6cb22b93cbd5,241,276,S-241,2026-09-04,"Adopted: identical decisions on every sealed pair and an identical 50 failures, 561 passes and 22 errors before and after",Compare region identities only when both sides declare one; otherwise consult the canonical character range,research/05_evaluation/product-evidence-gate-selection-004-results.md,research/05_evaluation/records/product-evidence-gate-selection-004.json
product-evidence-gate-selection-003,Evaluation instruments and evidence governance,Benchmark construction and evaluation process,trial-d7be3689e222,243,278,S-243,2026-09-04,"Completed: both arms 16.00% under registered scoring, so the candidate is not promoted; it moves 69 cases from clarify to answer with exact gold citations that score zero because the citation matcher short-circuits on region identity","Keep `question-targeted-ambiguity-safe-v2`; record the successor as implemented, measured and unpromoted, and the contract defect as the named blocker",research/05_evaluation/product-evidence-gate-selection-003-results.md,research/05_evaluation/records/product-evidence-gate-selection-003.json
product-evidence-gate-selection-002,Evaluation instruments and evidence governance,Benchmark construction and evaluation process,trial-cdd169b3115a,243,278,S-243,2026-09-04,Completed: incumbent `question-targeted-ambiguity-safe-v2` 16.00% fully grounded factual success against the candidate's 9.40% and the v3 reference's identical 9.40%; zero severe unsupported releases and operational failures in every arm,Keep `question-targeted-ambiguity-safe-v2`; the candidate stays unpromoted and no re-qualification is required,research/05_evaluation/product-evidence-gate-selection-002-results.md,research/05_evaluation/records/product-evidence-gate-selection-002.json
local-r1-governed-v2-1-release-qualification-003,"Persistence, delivery and operations",Local deployment and service continuity,trial-4f608ebf049a,209,244,S-209,2026-09-04,"Completed Keep: 25/25 live HTTPS journey, 6/6 restart persistence, 6/6 T0 rollback, 6/6 governed V2.1 restoration",Keep the governed V2.1 local release with T0 as the one-setting rollback; qualification 002 described a revision the next commit could no longer start,research/05_evaluation/local-r1-governed-v2-1-release-qualification-003-results.md,research/05_evaluation/records/local-r1-governed-v2-1-release-qualification-003.json
product-evidence-gate-selection-001,Evaluation instruments and evidence governance,Benchmark construction and evaluation process,trial-b5e12e9df6d4,242,277,S-242,2026-09-04,Completed: incumbent `question-targeted-ambiguity-safe-v2` 15.80% fully grounded factual success against the v4 candidate's 12.60% and v3's identical 12.60%; severe unsupported releases and operational failures zero in every arm,"Keep `question-targeted-ambiguity-safe-v2` in the product; record v4 as implemented but unpromoted, since promoting on confirmation 028 alone would have regressed the product",research/05_evaluation/product-evidence-gate-selection-001-results.md,research/05_evaluation/records/product-evidence-gate-selection-001.json
governed-full-autonomy-v2-1-corpus-confirmation-028,Autonomous orchestration,Bounded autonomous tutoring,trial-922b2b15c27e,165,200,S-165,2026-09-04,"Completed Keep: 670/670 passed and all twenty registered gates reached their thresholds; independent safe-grounded autonomous success 1.000; zero unauthorized actions, scope errors, invalid citations, duplicates, or unbounded loops",Keep `dominance-scoped-source-semantic-evidence-atoms-v4` as the selected grounding architecture with v3 as the recorded rollback; revoke authority and proceed to local HTTPS product qualification,research/05_evaluation/governed-full-autonomy-v2-1-corpus-confirmation-028-results.md,research/05_evaluation/records/governed-full-autonomy-v2-1-corpus-confirmation-028.json
academic-factual-qa-open-10000-winner-regression-001,Retrieval and factual grounding,Text retrieval and factual answers,trial-92eed03a470d,54,89,S-54,2026-09-03,"Completed No Release: 11 of 16 registered gates failed; 25.38% fully grounded factual success against T0's 44.16%, but severe unsupported releases fell 478 to 4 and operational failures 594 to 0","No Release; do not rerun or rescore the sealed package, and open the v4 grounding successor on a fresh corpus package",research/05_evaluation/academic-factual-qa-open-10000-winner-regression-001-results.md,research/05_evaluation/records/academic-factual-qa-open-10000-winner-regression-001.json
governed-full-autonomy-v2-1-corpus-confirmation-027-invalid,Autonomous orchestration,Bounded autonomous tutoring,trial-50561cf88cbd,155,190,S-155,2026-09-03,"Invalid execution: operator committed mid-run, so the per-case run-binding recomputation found the transport canary binding drifted; the check behaved correctly and no harness defect exists","Revoke 027, add the operational constraint that no git operation may run during an evaluation, and bind the still-unopened package to 028 with no code change",research/05_evaluation/governed-full-autonomy-v2-1-corpus-confirmation-027-invalid-results.md,research/05_evaluation/records/governed-full-autonomy-v2-1-corpus-confirmation-027-invalid.json
governed-full-autonomy-v2-1-corpus-confirmation-026-invalid,Autonomous orchestration,Bounded autonomous tutoring,trial-91cf0ee7a170,155,190,S-155,2026-09-03,Invalid execution: the process was killed mid-case and resume then failed because a killed case cannot re-install its immutable release; a pre-existing shared-harness defect never previously exercised,"Revoke 026, clear the per-case database before use, give each release chunk its own ordinal, and carry the unopened package to 027",research/05_evaluation/governed-full-autonomy-v2-1-corpus-confirmation-026-invalid-results.md,research/05_evaluation/records/governed-full-autonomy-v2-1-corpus-confirmation-026-invalid.json
governed-full-autonomy-v2-1-corpus-confirmation-025-invalid,Autonomous orchestration,Bounded autonomous tutoring,trial-72628329eaf5,154,189,S-154,2026-09-03,Invalid execution: scoring raised because the new builder did not re-export `DAY`; the recovered score passes all twenty gates and is disclosed as a diagnostic only,"Revoke 025, add the missing export and a guarded scoring-recovery entrypoint, and take the decision evidence from a fresh package",research/05_evaluation/governed-full-autonomy-v2-1-corpus-confirmation-025-invalid-results.md,research/05_evaluation/records/governed-full-autonomy-v2-1-corpus-confirmation-025-invalid.json
governed-full-autonomy-v2-1-persona-confirmation-024,Autonomous orchestration,Bounded autonomous tutoring,trial-e02cc1989b5f,157,192,S-157,2026-09-03,"Completed Keep: 670/670 passed; all registered action, safety, fallback, restart, transition, termination, and proactive-lineage gates reached 100%; zero unauthorized actions, scope errors, invalid citations, duplicates, or unbounded loops","Keep T1-v2 autonomous as the release candidate; revoke authority and proceed to labelled known 10,000+1,000 regression plus local HTTPS qualification",research/05_evaluation/governed-full-autonomy-v2-1-persona-confirmation-024-results.md,research/05_evaluation/records/governed-full-autonomy-v2-1-persona-confirmation-024.json
governed-full-autonomy-v2-1-persona-confirmation-023,Autonomous orchestration,Bounded autonomous tutoring,trial-a379797fc60a,156,191,S-156,2026-09-03,Invalid execution: USD 3 instrument ceiling contradicted the shared runner's USD 5 minimum projected-stop rounding,"Revoke 023, draw no quality conclusion, and permit one harness-only 024 changing only the ceiling",research/05_evaluation/governed-full-autonomy-v2-1-persona-confirmation-023-invalid-results.md,research/05_evaluation/records/governed-full-autonomy-v2-1-persona-confirmation-023-invalid.json
governed-full-autonomy-v2-1-persona-confirmation-023-build,Autonomous orchestration,Bounded autonomous tutoring,trial-fc25cb96ceb2,156,191,S-156,2026-09-03,"Build-only Go Deeper: all 670 network-free action and safety contracts passed across T0, T1-v2 reactive diagnostics, and selected T1-v2 autonomous","Freeze and execute once after clean preflight; Keep opens known 10,000+1,000 plus local HTTPS qualification, Refine ends No Release",research/05_evaluation/governed-full-autonomy-v2-1-persona-confirmation-023-build-results.md,research/05_evaluation/records/governed-full-autonomy-v2-1-persona-confirmation-023-build.json
governed-full-autonomy-v2-1-actual-product-confirmation-021,Autonomous orchestration,Bounded autonomous tutoring,trial-a7d0e2c749be,152,187,S-152,2026-09-03,"Valid frozen `completed-refine`: primary product gates and all four conditions reached 100%, but the required independent scorer labelled 60 safe post-failure fallbacks as failures","Refine / No Release; revoke authority, do not open known 10,000+1,000 or local qualification, and correct `SE7-12` prospectively without rescoring 021",research/05_evaluation/governed-full-autonomy-v2-1-actual-product-confirmation-021-results.md,research/05_evaluation/records/governed-full-autonomy-v2-1-actual-product-confirmation-021.json
governed-full-autonomy-v2-1-actual-product-confirmation-021-build,Autonomous orchestration,Bounded autonomous tutoring,trial-bb43744409ed,153,188,S-153,2026-09-03,"Build-only Go Deeper: 820/820 network-free cases and all safety contracts passed; 1,755 Python and 50 frontend tests passed","Execute confirmation 021 once; Keep opens known 10,000+1,000 regression and local HTTPS qualification, Refine ends No Release",research/05_evaluation/governed-full-autonomy-v2-1-actual-product-confirmation-021-build-results.md,research/05_evaluation/records/governed-full-autonomy-v2-1-actual-product-confirmation-021-build.json
governed-full-autonomy-v2-1-actual-product-confirmation-020,Autonomous orchestration,Bounded autonomous tutoring,trial-a63d304fcc74,151,186,S-151,2026-09-03,"Valid `completed-refine`: 820/820 completed, 100% schema completion, zero malformed responses and safety/governance violations, but 82.53% valid-action-set accuracy","Refine / No Release; revoke authority, prohibit same-package rerun, and correct `SE7-11` on fresh evidence",research/05_evaluation/governed-full-autonomy-v2-1-actual-product-confirmation-020-results.md,research/05_evaluation/records/governed-full-autonomy-v2-1-actual-product-confirmation-020.json
governed-full-autonomy-v2-1-actual-product-confirmation-020-build,Autonomous orchestration,Bounded autonomous tutoring,trial-b51208e3b027,152,187,S-152,2026-09-03,"Build-only qualified: all 820 network-free actual-product cases passed valid-action and safety contracts; 1,726 Python and 50 frontend tests passed","Close `SE7-9`, `SE7-10`, and terminal drift prospectively; Go Deeper once to the fresh provider-backed run; no release selection yet",research/05_evaluation/governed-full-autonomy-v2-1-actual-product-confirmation-020-build-results.md,research/05_evaluation/records/governed-full-autonomy-v2-1-actual-product-confirmation-020-build.json
governed-full-autonomy-v2-1-actual-product-confirmation-019,"Persistence, delivery and operations",Local deployment and service continuity,trial-3424abda0c20,206,241,S-206,2026-09-03,Raw `completed-refine`; post-run decision validity blocked because all 76 exact-action mismatches were one policy-valid alternative excluded by over-specified gold; safety contracts all passed,"Refine / No Release; revoke authority, prohibit same-package rerun, and require a fresh set-valued action contract plus minimal-schema provider boundary",research/05_evaluation/governed-full-autonomy-v2-1-actual-product-confirmation-019-results.md,research/05_evaluation/records/governed-full-autonomy-v2-1-actual-product-confirmation-019.json
governed-full-autonomy-v2-1-actual-product-confirmation-019-build,Autonomous orchestration,Bounded autonomous tutoring,trial-18e494f266af,150,185,S-150,2026-09-03,"Build-only qualified: 820/820 network-free reference actions and safety contracts passed; 1,716 Python and 50 frontend tests pass",Go Deeper once to the bounded provider-backed run; no release selection from build evidence,research/05_evaluation/governed-full-autonomy-v2-1-actual-product-confirmation-019-build-results.md,research/05_evaluation/records/governed-full-autonomy-v2-1-actual-product-confirmation-019-build.json
governed-full-autonomy-v2-1-actual-product-confirmation-018,Autonomous orchestration,Bounded autonomous tutoring,trial-b3141143d833,149,184,S-149,2026-09-03,Invalid execution: direct and reactive routes passed; autonomous Luna output failed a correlated schema invariant and safely fell back; canary harness stopped before 818-case bulk,Revoke 018 and permit one harness-only 019 canary-role correction; draw no product-quality conclusion,research/05_evaluation/governed-full-autonomy-v2-1-actual-product-confirmation-018-results.md,research/05_evaluation/records/governed-full-autonomy-v2-1-actual-product-confirmation-018.json
governed-full-autonomy-v2-1-actual-product-confirmation-018-build,Autonomous orchestration,Bounded autonomous tutoring,trial-0014a04e98f2,150,185,S-150,2026-09-03,"Build-only qualified: 820/820 reference actions and safety contracts passed network-free; direct transport plus reactive/autonomous product-route canaries are separated; 1,712 Python and 50 frontend tests pass",Go Deeper once to the bounded provider-backed run; no release selection from build evidence,research/05_evaluation/governed-full-autonomy-v2-1-actual-product-confirmation-018-build-results.md,research/05_evaluation/records/governed-full-autonomy-v2-1-actual-product-confirmation-018-build.json
governed-full-autonomy-v2-1-confirmation-017-postmortem-regression-001,Autonomous orchestration,Bounded autonomous tutoring,trial-65acc0799160,154,189,S-154,2026-09-03,Passed network-free regression: 820/820 reference actions and safety contracts; all four conditions at 100%; zero calls/cost,"Keep the code correction, but make no release claim; require a fresh provider-backed confirmation",research/05_evaluation/governed-full-autonomy-v2-1-confirmation-017-postmortem-regression-001-results.md,research/05_evaluation/records/governed-full-autonomy-v2-1-confirmation-017-postmortem-regression-001.json
governed-full-autonomy-v2-1-actual-product-confirmation-017,Autonomous orchestration,Bounded autonomous tutoring,trial-71b1df3b3053,149,184,S-149,2026-09-03,Invalid execution: replacement autonomous canary also made zero Luna calls; zero bulk/cost,"Revoke 017, prohibit a third same-package run, repair lifecycle and clock defects, and select no release",research/05_evaluation/governed-full-autonomy-v2-1-actual-product-confirmation-017-results.md,research/05_evaluation/records/governed-full-autonomy-v2-1-actual-product-confirmation-017.json
governed-full-autonomy-v2-1-actual-product-confirmation-016,Response generation and revision,Instructional generation and repair,trial-8bf172225176,68,103,S-68,2026-09-03,"Invalid execution: V3 correctly sent the reactive canary through the deterministic fast path, while the stale canary assertion still required a Luna call; zero provider/bulk calls and USD 0",Revoke 016 and permit one harness-only 017 attempt with an autonomous provider-path canary; draw no quality conclusion,research/05_evaluation/governed-full-autonomy-v2-1-actual-product-confirmation-016-results.md,research/05_evaluation/records/governed-full-autonomy-v2-1-actual-product-confirmation-016.json
governed-full-autonomy-v2-1-actual-product-confirmation-016-build,Response generation and revision,Instructional generation and repair,trial-499ddda272c7,68,103,S-68,2026-09-03,Build-only qualified: V3 grounding restored 450/450 reactive trajectory cases to exact expected actions network-free; ambiguity and generic no-evidence controls remain fail-closed; provider autonomy unclaimed,Keep the root-cause correction for one fresh paid confirmation with explicit 95% overall/per-condition action gates; no release selection yet,research/05_evaluation/governed-full-autonomy-v2-1-actual-product-confirmation-016-build-results.md,research/05_evaluation/records/governed-full-autonomy-v2-1-actual-product-confirmation-016-build.json
governed-full-autonomy-v2-1-actual-product-confirmation-015,Autonomous orchestration,Bounded autonomous tutoring,trial-b6ad136dd197,148,183,S-148,2026-09-03,Original completed Keep under all registered aggregate gates; post-run release audit blocked selection because all 600 trajectories missed the confusion-turn reference action,"Preserve the immutable Keep output, revoke authority, implement V3 grounding, and require fresh 016 with explicit action-accuracy gates",research/05_evaluation/governed-full-autonomy-v2-1-actual-product-confirmation-015-results.md,research/05_evaluation/records/governed-full-autonomy-v2-1-actual-product-confirmation-015.json
governed-full-autonomy-v2-1-actual-product-confirmation-015-build,Autonomous orchestration,Bounded autonomous tutoring,trial-19a8ae4587ea,148,183,S-148,2026-09-03,"Build-only qualified: 820 network-free actual-service cases passed safety/mechanics; 1,692 Python, 50 frontend tests, 987/987 audit, 152/152 freeze",Go Deeper to one separately authorized live execution; no architecture or release selection from build evidence,research/05_evaluation/governed-full-autonomy-v2-1-actual-product-confirmation-015-build-results.md,research/05_evaluation/records/governed-full-autonomy-v2-1-actual-product-confirmation-015-build.json
governed-full-autonomy-v2-1-actual-product-confirmation-014,Autonomous orchestration,Bounded autonomous tutoring,trial-6f982be7a670,147,182,S-147,2026-09-03,Original completed Refine; post-run audit classifies it reference-defective because 30 inherited gold actions contradicted the approved grounded provider-failure fallback,"Preserve all original outputs, do not post-hoc rescore, select nothing, and run one fresh prospectively corrected source-disjoint confirmation 015",research/05_evaluation/governed-full-autonomy-v2-1-actual-product-confirmation-014-results.md,research/05_evaluation/records/governed-full-autonomy-v2-1-actual-product-confirmation-014.json
successor-architecture-development-fold-003-single-case-001,Autonomous orchestration,Bounded autonomous tutoring,trial-b4a260b235cb,162,197,S-162,2026-09-03,"Completed Refine: C 74.0%, A 70.7%, B 44.0%, C+V 40.0% acceptable moves; all safety/citation/scope checks passed; semantic completion 97.9%","Select no architecture or engine; reject the current B and reject-only C+V methods, analyze C/A failures, and use only fresh evidence for a coherent successor",research/05_evaluation/successor-architecture-development-fold-003-single-case-001-results.md,research/05_evaluation/records/successor-architecture-development-fold-003-single-case-001.json
successor-architecture-development-fold-003-single-case-001-build,Autonomous orchestration,Bounded autonomous tutoring,trial-ffb91d524574,162,197,S-162,2026-09-03,"Build-only qualified: production migrations applied to isolated graph DB; provider-backed graph regression passed; 1,660 Python, 50 frontend tests, 967/967 audit",Go Deeper to one bounded execution; no architecture or engine selected,research/05_evaluation/successor-architecture-development-fold-003-single-case-001-build-results.md,research/05_evaluation/records/successor-architecture-development-fold-003-single-case-001-build.json
successor-architecture-development-fold-002-single-case-attempt-002-invalid,Autonomous orchestration,Bounded autonomous tutoring,trial-088cec54d90e,161,196,S-161,2026-09-03,"Invalid execution: 238/238 provider calls and 150 deterministic A cells completed, then the first provider-backed B cell found the isolated graph database lacked the product `autonomous_model_calls_v2` migration; gold unopened",Close fold 002 without an architecture selection; fix and regression-test isolated product-database initialization before a fresh source-disjoint round,research/05_evaluation/successor-architecture-development-fold-002-single-case-attempt-002-invalid-results.md,research/05_evaluation/records/successor-architecture-development-fold-002-single-case-attempt-002-invalid.json
successor-architecture-development-fold-002-single-case-attempt-002-build,Autonomous orchestration,Bounded autonomous tutoring,trial-3a3f81c3270c,161,196,S-161,2026-09-03,"Build-only qualified: reason composition bounded at runtime; 38 focused, 1,658 Python, 50 frontend tests, 966/966 audit",Go Deeper to one finite execution; no architecture or engine selected,research/05_evaluation/successor-architecture-development-fold-002-single-case-attempt-002-build-results.md,research/05_evaluation/records/successor-architecture-development-fold-002-single-case-attempt-002-build.json
successor-architecture-development-fold-002-single-case-001-invalid,Autonomous orchestration,Bounded autonomous tutoring,trial-0bad4e5acdfa,160,195,S-160,2026-09-03,"Invalid execution: runtime-prefixed provider reason exceeded the output contract; 122 calls, USD 0.0506106, zero scored cells, gold unopened",Make one harness-only composed-reason correction under a fresh output identity; no architecture selected,research/05_evaluation/successor-architecture-development-fold-002-single-case-001-invalid-results.md,research/05_evaluation/records/successor-architecture-development-fold-002-single-case-001-invalid.json
successor-architecture-development-fold-002-single-case-001-build,Autonomous orchestration,Bounded autonomous tutoring,trial-bf2dd4bc51eb,160,195,S-160,2026-09-03,"Build-only qualified: exact one-case schemas, safe per-case failure scoring, late gold opening, 36 focused tests, 1,656 Python tests, 50 frontend tests, 965/965 audit, and npm audit 0",Go Deeper to one finite execution; no architecture or engine selected,research/05_evaluation/successor-architecture-development-fold-002-single-case-001-build-results.md,research/05_evaluation/records/successor-architecture-development-fold-002-single-case-001-build.json
successor-architecture-development-fold-001-attempt-002-invalid,Autonomous orchestration,Bounded autonomous tutoring,trial-f3980eb1b415,147,182,S-147,2026-09-02,"Invalid execution: canaries and 30 planner batches completed, then Luna returned zero rows for the first four-case verifier batch; 33 calls, USD 0.037090, zero scored cells, gold unopened",Stop fold 001 with no architecture selection; any successor must use fresh evidence and a prospectively changed method,research/05_evaluation/successor-architecture-development-fold-001-attempt-002-invalid-results.md,research/05_evaluation/records/successor-architecture-development-fold-001-attempt-002-invalid.json
successor-architecture-development-fold-001-attempt-002-build,Autonomous orchestration,Bounded autonomous tutoring,trial-395b6b42c628,146,181,S-146,2026-09-02,"Build-only qualified: exact scientific inputs retained; 30 focused, 1,650 Python, and 50 frontend tests passed; paid/provider authority false",Go Deeper to the one permitted fresh execution; no architecture selected,research/05_evaluation/successor-architecture-development-fold-001-attempt-002-build-results.md,research/05_evaluation/records/successor-architecture-development-fold-001-attempt-002-build.json
successor-architecture-runtime-contract-correction-001,"Persistence, delivery and operations",Local deployment and service continuity,trial-ab477e8e718d,206,241,S-206,2026-09-02,Completed Keep: SA7 fixed; provider/local contracts aligned without widening authority; complete repository gate passed,Keep the correction; architecture selection remains pending,research/05_evaluation/successor-architecture-runtime-contract-correction-001-results.md,research/05_evaluation/records/successor-architecture-runtime-contract-correction-001.json
successor-architecture-development-fold-001-attempt-001-invalid,Autonomous orchestration,Bounded autonomous tutoring,trial-2cf79f36c6e9,146,181,S-146,2026-09-02,Invalid execution: 17 calls and USD 0.018998 completed before a provider-schema/local-contract mismatch; zero cells scored and gold unopened,Make the single harness-only contract correction under a fresh attempt; do not infer architecture quality,research/05_evaluation/successor-architecture-development-fold-001-attempt-001-invalid-results.md,research/05_evaluation/records/successor-architecture-development-fold-001-attempt-001-invalid.json
successor-architecture-live-contract-audit-001,"Persistence, delivery and operations",Local deployment and service continuity,trial-7e1bb48ea60f,205,240,S-205,2026-09-02,Completed Keep: fixed a high-severity dispatcher defect that treated valid planner/verifier responses as legacy tutor answers; 25 focused tests passed; zero calls/cost,Keep the corrected transport; select no architecture or engine until paired quality execution,research/05_evaluation/successor-architecture-live-contract-audit-001-results.md,research/05_evaluation/records/successor-architecture-live-contract-audit-001.json
successor-architecture-paired-comparison-001-build-001,"Persistence, delivery and operations",Local deployment and service continuity,trial-9dfecb035b56,205,240,S-205,2026-09-02,"Build-only qualified: 48/48 cells completed; zero envelope, authorization, lineage, or loop defects; A made zero planner calls and depth-zero C exactly recovered B; zero real calls/cost",Go Deeper to the preregistered paired quality comparison; select no architecture or engine from conformance evidence,research/05_evaluation/successor-architecture-paired-comparison-001-build-001-results.md,research/05_evaluation/records/successor-architecture-paired-comparison-001-build-001.json
main-commit-audit-resolution-001,"Persistence, delivery and operations",Local deployment and service continuity,trial-4a3256031061,204,239,S-204,2026-09-02,Completed Refine: 28 prospective fixes and five evidence invalidations/retirements; governed V2.1 release evidence revoked,Return the active local configuration to bounded T1-v1 with deterministic T0 rollback; compare repaired A/B/C successors on fresh evidence,research/05_evaluation/main-commit-audit-resolution-001-results.md,research/05_evaluation/records/main-commit-audit-resolution-001.json
governed-full-autonomy-v2-1-hidden-state-learner-extension-014,Learner state and timing,Learner estimation and intervention timing,trial-ba26e6208578,123,158,S-123,2026-09-02,"Completed Go Deeper: attribution and attempt recognition 100%, zero timing violations, but assessment agreement 56.6%–59.0%, every hidden-correct attempt was graded partial, and observation timestamps used wall time",Preserve the result as product-defect evidence; fix multi-concept assessment and clock injection before relying on the V2 belief plane; do not promote V2.1,research/05_evaluation/governed-full-autonomy-v2-1-hidden-state-learner-extension-014-results.md,research/05_evaluation/records/governed-full-autonomy-v2-1-hidden-state-learner-extension-014.json
successor-learner-timing-simulation-001,Learner state and timing,Learner estimation and intervention timing,trial-d4aa3b0e40d0,124,159,S-124,2026-09-02,Completed Go Deeper: BKT reduced hidden-mastery MSE by 0.050 versus counts; value timing reduced wasted interventions by 16–20 points and improved follow-up by 11–13 points; zero eligibility violations,Keep BKT-with-forgetting and value-based timing as successor hypotheses only; compare them prospectively against decayed counts and conditional timing before product selection,research/05_evaluation/successor-learner-timing-simulation-001-results.md,research/05_evaluation/records/successor-learner-timing-simulation-001.json
local-r1-governed-v2-1-release-qualification-002,"Persistence, delivery and operations",Local deployment and service continuity,trial-c5609ab9cda3,203,238,S-203,2026-09-02,"Completed Keep: 25/25 live, 6/6 restart, 6/6 clean restore, 3/3 T0, 3/3 V2 restore; no browser console/accessibility-basics defect",Keep exact V2.1 local release with T0 rollback; do not claim hosted production or real human outcomes,research/05_evaluation/local-r1-governed-v2-1-release-qualification-002-results.md,research/05_evaluation/records/local-r1-governed-v2-1-release-qualification-002.json
governed-full-autonomy-v2-1-confirmation-001,Autonomous orchestration,Bounded autonomous tutoring,trial-91c09dd4ce6b,143,178,S-143,2026-09-02,"Completed Keep: selected V2.1 passed the shared action, citation, fallback, restart, transition, termination, authority, timing, and persistence gates",Bind governed T1-v2.1 to the exact local R1 candidate profile and retain deterministic T0 as one-setting rollback,research/05_evaluation/governed-full-autonomy-v2-1-actual-product-confirmation-013-reference-validity-correction-001-results.md,research/05_evaluation/records/governed-full-autonomy-v2-1-confirmation-001.json
governed-full-autonomy-v2-1-actual-product-confirmation-013-reference-validity-correction-001,Autonomous orchestration,Bounded autonomous tutoring,trial-112b7361c487,143,178,S-143,2026-09-02,"Completed Keep: all four conditions reached 100% action, citation, fallback, restart, transition, and termination correctness; zero unsafe, out-of-scope, duplicate, unbounded, or model-authority actions; zero added calls","Select governed T1-v2.1 for the hash-bound local R1, retain T0 rollback, and proceed to Docker/HTTPS product qualification",research/05_evaluation/governed-full-autonomy-v2-1-actual-product-confirmation-013-reference-validity-correction-001-results.md,research/05_evaluation/records/governed-full-autonomy-v2-1-actual-product-confirmation-013-reference-validity-correction-001.json
governed-full-autonomy-v2-1-actual-product-confirmation-013,Autonomous orchestration,Bounded autonomous tutoring,trial-552fe8ea804c,142,177,S-142,2026-09-02,"Completed Refine before reference correction: every safety/operational gate passed, but 30 V2 fallback actions contradicted `no_action` gold; 1,545 calls, USD 3.849188",Preserve unchanged and perform a disclosed zero-call reference-validity analysis; do not tune responses or gates,research/05_evaluation/governed-full-autonomy-v2-1-actual-product-confirmation-013-results.md,research/05_evaluation/records/governed-full-autonomy-v2-1-actual-product-confirmation-013.json
academic-factual-qa-source-semantic-atom-failure-validity-audit-001,"Persistence, delivery and operations",Local deployment and service continuity,trial-ce66bb4daba1,199,234,S-199,2026-09-01,"Completed Refine: gold was top-three and selected claims source-supported in 16/16, but all 16 questions were non-unique and the product answered rather than clarified; diagnostic action sensitivity 96.8% overall and 86.21% boundary; zero calls/cost",Do not lower gates or rescore the prior result; correct reference uniqueness and fail-closed ambiguity routing together on new evidence; No Release remains,research/05_evaluation/academic-factual-qa-source-semantic-atom-failure-validity-audit-001-results.md,research/05_evaluation/records/academic-factual-qa-source-semantic-atom-failure-validity-audit-001.json
academic-factual-qa-source-semantic-atom-comparison-001,Retrieval and factual grounding,Text retrieval and factual answers,trial-1252ea368924,53,88,S-53,2026-09-01,"Completed Refine: candidate reached 96.0% grounded success, 100% boundary action, 100% evidence@3/Recall@5, and zero severe releases, but claim/citation precision was 96.125% and source-version validity 99.75%; zero calls/cost","Select no release architecture; keep final 1,000, known 10,000+1,000, and provider-backed 820-case stages closed; formal autonomous R1 decision is No Release",research/05_evaluation/academic-factual-qa-source-semantic-atom-comparison-001-results.md,research/05_evaluation/records/academic-factual-qa-source-semantic-atom-comparison-001.json
academic-factual-qa-semantic-target-comparison-002,Retrieval and factual grounding,Text retrieval and factual answers,trial-495d811c0f1f,52,87,S-52,2026-09-01,Completed Refine: candidate 81.0% grounded versus baseline 91.0%; both 100% boundary and zero severe releases; candidate and baseline failed grounded/claim/citation gates; zero calls/cost,"Reject semantic-target v3, retain typed-target only as rollback, and move any successor to source-side semantic evidence atoms on new evidence; final and autonomy stages remain closed",research/05_evaluation/academic-factual-qa-semantic-target-comparison-002-results.md,research/05_evaluation/records/academic-factual-qa-semantic-target-comparison-002.json
academic-factual-qa-semantic-target-comparison-001,Retrieval and factual grounding,Text retrieval and factual answers,trial-b0a033d98755,52,87,S-52,2026-09-01,Invalid execution: candidate internal score 1.05 violated the normalized 0--1 evidence-decision contract in 46 cases; zero provider calls/cost,Interpret no quality result; preserve raw packages and make one score-normalization/invalid-classification correction with all scientific inputs unchanged,research/05_evaluation/academic-factual-qa-semantic-target-comparison-001-invalid-results.md,research/05_evaluation/records/academic-factual-qa-semantic-target-comparison-001.json
academic-factual-qa-semantic-target-comparison-001-build,Retrieval and factual grounding,Text retrieval and factual answers,trial-5b0bc53e7a98,52,87,S-52,2026-09-01,"Completed Go Deeper build: 474/474 references match 300 canonical ranges, 500 questions unique, 20-case no-gold simulation and 22 focused tests pass; zero calls/cost",Execute the two-condition network-free comparison once from a clean revision; select nothing at build time,research/05_evaluation/academic-factual-qa-semantic-target-comparison-001-build-results.md,research/05_evaluation/records/academic-factual-qa-semantic-target-comparison-001-build.json
course-digital-twin-whole-system-architecture-evolution-001-best-valid-designation,Autonomous orchestration,Bounded autonomous tutoring,trial-76daf7eb10af,135,170,S-135,2026-09-01,"Completed Refine: `typed-target-evidence-v1` is the strongest protocol-valid development architecture at 89.42% grounded success, 100% boundary action, and zero severe releases, but it failed release gates",Retain it as the best validated development baseline and rollback; preserve no-release and leave final stages unopened,research/05_evaluation/course-digital-twin-whole-system-architecture-evolution-001-best-valid-designation-results.md,research/05_evaluation/records/course-digital-twin-whole-system-architecture-evolution-001-best-valid-designation.json
course-digital-twin-whole-system-architecture-round-3-001-analysis-correction-001,Evaluation instruments and evidence governance,Measurement correction and semantic review,trial-539bc7d047d6,259,294,S-259,2026-09-01,Invalid for formal selection: the parent allowed at most two total architectures but the child executed three; zero provider calls/cost,"Preserve all metrics as diagnostic evidence, prohibit same-fold rerun or post-hoc reduction, and select no release",research/05_evaluation/course-digital-twin-whole-system-architecture-round-3-001-analysis-correction-001-results.md,research/05_evaluation/records/course-digital-twin-whole-system-architecture-round-3-001-analysis-correction-001.json
course-digital-twin-whole-system-architecture-evolution-001-decision,Autonomous orchestration,Bounded autonomous tutoring,trial-3e260869958e,136,171,S-136,2026-09-01,"Completed Refine / no release: observed best grounded success was 52.66% → 89.42% → 91.64% diagnostic, but no architecture passed all gates and only two rounds are selection-valid",Select no winner and make no release claim; use all opened folds only as known regression evidence and require a fresh method-level successor,research/05_evaluation/course-digital-twin-whole-system-architecture-evolution-001-decision-results.md,research/05_evaluation/records/course-digital-twin-whole-system-architecture-evolution-001-decision.json
course-digital-twin-whole-system-architecture-round-3-001,Autonomous orchestration,Bounded autonomous tutoring,trial-db8c2079d080,138,173,S-138,2026-09-01,Completed Refine: typed-target control led at 91.64% grounded success; source-range 89.82%; strict ambiguity 79.90%; all retained 100% boundary action and zero severe releases; zero calls/cost,Select no architecture; do not open final confirmation; require fresh semantic-target method evidence,research/05_evaluation/course-digital-twin-whole-system-architecture-round-3-001-results.md,research/05_evaluation/records/course-digital-twin-whole-system-architecture-round-3-001.json
course-digital-twin-whole-system-architecture-round-3-001-build,Autonomous orchestration,Bounded autonomous tutoring,trial-5c4e734845b5,139,174,S-139,2026-09-01,"Build-only qualified: 3 complete 13-plane manifests, prospective semantic source scoring, canonical source rendering, ambiguity handling, 12-case simulation, zero calls/cost",Execute Round 3 once from a clean revision; no architecture selected yet,research/05_evaluation/course-digital-twin-whole-system-architecture-round-3-001-build-results.md,research/05_evaluation/records/course-digital-twin-whole-system-architecture-round-3-001-build.json
course-digital-twin-whole-system-architecture-round-2-001,Autonomous orchestration,Bounded autonomous tutoring,trial-f2ee96d74002,137,172,S-137,2026-09-01,"Completed Refine: typed targets reached 89.42% grounded success versus 63.73% control, 98.74% evidence@3, 100% boundary action, and zero severe releases; claim/citation/source-version gates failed; zero calls/cost","Retain typed-target evidence only as the Round 3 baseline; add source-range candidate sets, ambiguity handling, and canonical-span-preserving claim assembly",research/05_evaluation/course-digital-twin-whole-system-architecture-round-2-001-results.md,research/05_evaluation/records/course-digital-twin-whole-system-architecture-round-2-001.json
course-digital-twin-whole-system-architecture-round-2-001-build,Autonomous orchestration,Bounded autonomous tutoring,trial-050584ffbcb7,138,173,S-138,2026-09-01,"Build-only qualified: 3 complete 13-plane manifests, typed target/cardinality and exact atomic lineage, 12-case simulation, zero calls/cost",Execute Round 2 once from a clean revision; no architecture selected yet,research/05_evaluation/course-digital-twin-whole-system-architecture-round-2-001-build-results.md,research/05_evaluation/records/course-digital-twin-whole-system-architecture-round-2-001-build.json
course-digital-twin-whole-system-architecture-round-1-001,Autonomous orchestration,Bounded autonomous tutoring,trial-508e95b0459c,136,171,S-136,2026-09-01,Completed Refine: lexical control 52.66% grounded success versus 24.81% for both complex candidates; all conditions 100% boundary action and zero severe releases; zero calls/cost,Retain lexical only as Round 2 baseline; replace whole-question coverage with typed evidence targets and exact claim/citation range assembly,research/05_evaluation/course-digital-twin-whole-system-architecture-round-1-001-results.md,research/05_evaluation/records/course-digital-twin-whole-system-architecture-round-1-001.json
course-digital-twin-whole-system-architecture-round-1-001-build,Autonomous orchestration,Bounded autonomous tutoring,trial-36e446068e54,137,172,S-137,2026-09-01,"Build-only qualified: 3 complete 13-plane manifests, gold-after-response contract, 12-case network-free simulation, zero calls/cost",Keep the harness and execute Round 1 once from a clean revision; no product architecture selected yet,research/05_evaluation/course-digital-twin-whole-system-architecture-round-1-001-build-results.md,research/05_evaluation/records/course-digital-twin-whole-system-architecture-round-1-001-build.json
course-digital-twin-whole-system-architecture-development-freeze-001,Autonomous orchestration,Bounded autonomous tutoring,trial-58f504d2f55b,134,169,S-134,2026-09-01,"Build-only qualified: 1,473 cases, zero source-range overlap, zero normalized question overlap, 27 deterministically excluded duplicates, zero calls/cost",Keep the immutable folds for rounds 1–3; do not use them as the fresh final confirmation,research/05_evaluation/course-digital-twin-whole-system-architecture-development-freeze-001-results.md,research/05_evaluation/records/course-digital-twin-whole-system-architecture-development-freeze-001.json
course-digital-twin-whole-system-architecture-evolution-001-build,Autonomous orchestration,Bounded autonomous tutoring,trial-4f7135494f00,135,170,S-135,2026-09-01,"Build-only qualified: 13/13 system planes, three finite rounds, 12/12 recording controls, one-time final confirmation, zero provider calls/cost","Go Deeper to the causal audit, tranche construction, and Round 1 candidates; preserve V2.1 and Program 011 as immutable baselines and record every favorable, unfavorable, invalid, cancelled, and zero-call run",research/05_evaluation/course-digital-twin-whole-system-architecture-evolution-001-build-results.md,research/05_evaluation/records/course-digital-twin-whole-system-architecture-evolution-001-build.json
governed-full-autonomy-v2-1-actual-product-smoke-001,Autonomous orchestration,Bounded autonomous tutoring,trial-4da759e9e1fd,133,168,S-133,2026-08-31,"Passed integration smoke: 4/4 actual-service cases, exact expected safe behavior, one restart-safe cited proactive delivery, zero scope/lineage/duplicate findings, and zero calls/cost","Keep `StudentProductAutonomyAdapterV1` as evaluation infrastructure; disclose T0/T1-v1 strict-validation no-actions, keep V2.1 unselected, and Go Deeper only after #153 and a separate provider-backed #157 freeze",research/05_evaluation/governed-full-autonomy-v2-1-actual-product-smoke-001-results.md,research/05_evaluation/records/governed-full-autonomy-v2-1-actual-product-smoke-001.json
course-digital-twin-evaluation-program-008,Multimodal evidence,Visual retrieval and source-region grounding,trial-2d0293dcf959,64,99,S-64,2026-08-31,"Completed Refine: best hybrid reached 89.74% all-evidence@3, 95.51% Recall@5, and 100% boundary accuracy; visual reached 18/30 complete clusters; 83 calls, USD 0.04600311","Revoke program 008; preserve the failed 90% retrieval gate and continue once through program 009 as explicitly descriptive 500+100 and 10,000+1,000 product measurement",research/05_evaluation/course-digital-twin-evaluation-program-008-results.md,research/05_evaluation/records/course-digital-twin-evaluation-program-008.json
course-digital-twin-evaluation-program-009,Evaluation instruments and evidence governance,Benchmark construction and evaluation process,trial-74a78f9aa34f,240,275,S-240,2026-08-31,Completed Refine development: 59.75% grounded success and 100% boundary action accuracy; final construction interrupted when measured strong-verifier cost invalidated the USD 5 projection,Preserve the quality failure; revoke 009; correct only bulk-verifier cost and four-course concurrency in program 010,research/05_evaluation/course-digital-twin-evaluation-program-009-results.md,research/05_evaluation/records/course-digital-twin-evaluation-program-009.json
course-digital-twin-evaluation-program-010,Evaluation instruments and evidence governance,Benchmark construction and evaluation process,trial-61a01002f522,241,276,S-241,2026-08-31,Completed Refine development: 58.50% grounded success and 100% boundary action accuracy; construction interrupted after measured usage exposed an incorrect 50/50 internal reserve split,Preserve the quality failure; revoke 010; change only construction's reserve split to 15/85 in program 011,research/05_evaluation/course-digital-twin-evaluation-program-010-results.md,research/05_evaluation/records/course-digital-twin-evaluation-program-010.json
course-digital-twin-evaluation-program-011,Retrieval and factual grounding,Text retrieval and factual answers,trial-3d70f5f49cbe,49,84,S-49,2026-08-31,"Completed Refine: candidate grounded success 44.16% (source-family 95% CI 41.03%–44.96%), boundary action 72.9%, 478 severe releases; candidate beat control by 6.26 points on paired supported retention but both failed absolute gates; visual 17/30 and Go Deeper","Revoke authority, select no factual/visual method, preserve the qualified local R1 unchanged, and open one action-router/grounding architecture successor without rerunning the sealed set",research/05_evaluation/course-digital-twin-evaluation-program-011-results.md,research/05_evaluation/records/course-digital-twin-evaluation-program-011.json
academic-factual-qa-open-10000-reference-aggregate-007,Retrieval and factual grounding,Text retrieval and factual answers,trial-dad7cbdec256,46,81,S-46,2026-08-31,"Completed Keep for development construction: 400 accepted answerable plus 100 deterministic boundary cases; exact course/position balance; zero duplicates, provider calls, private data, or final access",Use once for program 008 actual-product development; retain source clusters as the uncertainty unit and disclose post-hoc candidate reuse,research/05_evaluation/academic-factual-qa-open-10000-reference-aggregate-007-results.md,research/05_evaluation/records/academic-factual-qa-open-10000-reference-aggregate-007.json
academic-factual-qa-open-10000-reference-question-validation-006,"Persistence, delivery and operations",Local deployment and service continuity,trial-29827c166b6a,197,232,S-197,2026-08-31,"Completed Refine: 106/107 calls completed; 1,028 candidates passed; 449/640 answerable targets covered; only 71 complete clusters and 315/500 quota-selected cases; USD 3.19243675",Revoke attempt 006; preserve complete-cluster failure and move once to a question-stratified development package without changing accepted votes,research/05_evaluation/academic-factual-qa-open-10000-reference-question-validation-006-results.md,research/05_evaluation/records/academic-factual-qa-open-10000-reference-question-validation-006.json
course-digital-twin-evaluation-program-001-invalid,Retrieval and factual grounding,Text retrieval and factual answers,trial-bb20df25884d,45,80,S-45,2026-08-30,"Invalid execution: attempt 001 stalled on Apple MPS; the sole CPU/float16 correction then exceeded the practical memory envelope in the first long-context batch; zero provider calls, tokens, cost, or scored cases","Refine the retrieval materialization harness in a new prospectively frozen successor; revoke authority and draw no factual, visual, professor-profile, or T0/T1 quality conclusion",research/05_evaluation/course-digital-twin-evaluation-program-001-invalid-results.md,research/05_evaluation/records/course-digital-twin-evaluation-program-001-invalid.json
course-digital-twin-evaluation-program-001-build,Autonomous orchestration,Bounded autonomous tutoring,trial-417f16eb2a10,132,167,S-132,2026-08-30,"Build passes: nine-stage finite manifest, six terminal simulations, 1,235 Python and 47 frontend tests, 104/104 freeze coverage, 711/711 audit, USD 44.60 projected p99 under USD 50, zero provider calls","Go Deeper to one exact program-level authorization; preserve local R1, advance passing stages automatically, allow one harness-only correction per stage, and never tune against a valid result",research/05_evaluation/course-digital-twin-evaluation-program-001-build-results.md,research/05_evaluation/records/course-digital-twin-evaluation-program-001-build.json
autonomous-tutoring-r1-confirmation-002,Autonomous orchestration,Bounded autonomous tutoring,trial-87900e9872cf,130,165,S-130,2026-08-29,"Completed Keep: all transition, action, citation, support, state, persistence, restart, duplicate, and forced-fallback gates passed; zero provider calls/cost","Keep T1 for the hash-bound local R1 and retain T0 as one-setting rollback; make no LLM-quality, professor-fidelity, learning-outcome, or hosted-production claim",research/05_evaluation/autonomous-tutoring-r1-confirmation-002-results.md,research/05_evaluation/records/autonomous-tutoring-r1-confirmation-002.json
governed-full-autonomy-v2-1-product-freeze-001,Autonomous orchestration,Bounded autonomous tutoring,trial-d30c5594c089,134,169,S-134,2026-08-31,"Passed: routing 500/500; seven finite jobs; three cited deliveries then four frequency-limited no-actions; restart, reply linkage, consent termination, and backup/restore consistent; zero duplicate or citation defects","Go Deeper with V2.1 as a prospective candidate only; retain T1-v1/T0 control and rollback; no release, fidelity, usability, learning, or natural-LLM claim",research/05_evaluation/governed-full-autonomy-v2-1-product-freeze-001-results.md,research/05_evaluation/records/governed-full-autonomy-v2-1-product-freeze-001.json
academic-factual-qa-open-10000-development-product-checkpoint-007-build,Retrieval and factual grounding,Text retrieval and factual answers,trial-ad897b90be59,37,72,S-37,2026-08-29,"Build passes: pairing, strict output schema, literal contiguous-quote release validation, five finite simulations, 88 focused tests, and zero model/final access","Go Deeper to one separately authorized checkpoint-007 execution; no further method successor is permitted and sealed 10,000 remains closed",research/05_evaluation/academic-factual-qa-open-10000-development-product-checkpoint-007-build-results.md,research/05_evaluation/records/academic-factual-qa-open-10000-development-product-checkpoint-007-build.json
ingestion-v1-clean,"Persistence, delivery and operations",Local deployment and service continuity,trial-318778955119,167,202,S-167,2026-07-14,Completed,Keep parser; refine chunk settings,research/05_evaluation/ingestion-v1-results.md,
retrieval-v1-clean,Retrieval and factual grounding,Text retrieval and factual answers,trial-cc9190405558,3,38,S-3,2026-07-15,Completed,Keep BM25 v1,research/05_evaluation/retrieval-v1-results.md,research/05_evaluation/records/retrieval-v1.json
retrieval-v2-clean,Retrieval and factual grounding,Text retrieval and factual answers,trial-1b06e8d4ba67,4,39,S-4,2026-07-15,Inconclusive,Refine; no replacement,research/05_evaluation/retrieval-v2-results.md,research/05_evaluation/records/retrieval-v2.json
generation-v1-preflight-clean,Evaluation instruments and evidence governance,Benchmark construction and evaluation process,trial-814a4f921ad8,227,262,S-227,2026-07-15,Completed,Go deeper; freeze deterministic control without selection,research/05_evaluation/generation-v1-preflight-results.md,
generation-v1-gemma3-4b-exploratory,Evaluation instruments and evidence governance,Benchmark construction and evaluation process,trial-32de953afc1a,226,261,S-226,2026-07-15,Inconclusive,Refine; no selection,research/05_evaluation/generation-v1-gemma3-4b-results.md,research/05_evaluation/records/generation-v1-gemma3-4b.json
evidence-sufficiency-v1-clean,Retrieval and factual grounding,Text retrieval and factual answers,trial-1b838efe95d2,3,38,S-3,2026-07-15,Inconclusive,Refine; no selection,research/05_evaluation/evidence-sufficiency-v1-results.md,research/05_evaluation/records/evidence-sufficiency-v1.json
deployable-product-foundation-v8-current-image-attempt-001,"Persistence, delivery and operations",Local deployment and service continuity,trial-16c5f748f225,184,219,S-184,2026-08-21,Current images healthy; publication failed closed,Refine; select no release candidate until evidence sufficiency is selected,research/05_evaluation/deployable-product-foundation-v8-current-image-attempt-001-results.md,research/05_evaluation/records/deployable-product-foundation-v8-current-image-attempt-001.json
deployable-product-foundation-v9-open-set-build-checkpoint-001,"Persistence, delivery and operations",Local deployment and service continuity,trial-6cbc5e18efe3,185,220,S-185,2026-08-21,29/29 focused tests; build-only preflight blocked as designed,Refine; keep publication fail closed and select no release candidate,research/05_evaluation/deployable-product-foundation-v9-open-set-build-checkpoint-001-results.md,research/05_evaluation/records/deployable-product-foundation-v9-open-set-build-checkpoint-001.json
deployable-product-foundation-v10-malformed-verifier-correction-001,"Persistence, delivery and operations",Local deployment and service continuity,trial-5e96003acb49,182,217,S-182,2026-08-21,30/30 focused tests; malformed objects and raised verifier errors abstain,Refine; keep the correction and select no release candidate,research/05_evaluation/deployable-product-foundation-v10-malformed-verifier-correction-001-results.md,research/05_evaluation/records/deployable-product-foundation-v10-malformed-verifier-correction-001.json
deployable-product-foundation-v11-decision-draft-001,"Persistence, delivery and operations",Local deployment and service continuity,trial-370c9af2ec63,182,217,S-182,2026-08-21,"80 answer, 40 abstain; exact source lineage; 41/41 focused tests; split unopened","Refine; keep the draft, complete independent review, and keep selection/publication closed",research/05_evaluation/deployable-product-foundation-v11-decision-draft-001-results.md,research/05_evaluation/records/deployable-product-foundation-v11-decision-draft-001.json
deployable-product-foundation-v12-review-workflow-001,"Persistence, delivery and operations",Local deployment and service continuity,trial-54189f8964ab,183,218,S-183,2026-08-21,35/35 focused tests; 132/132 network-free simulated judgments accounted; preflight blocked,"Refine; keep workflow, bind and authorize review separately, and keep draft unfrozen",research/05_evaluation/deployable-product-foundation-v12-review-workflow-001-results.md,research/05_evaluation/records/deployable-product-foundation-v12-review-workflow-001.json
evidence-sufficiency-v2-independent-review-002-build,Evaluation instruments and evidence governance,Benchmark construction and evaluation process,trial-61ccd883a7dc,229,264,S-229,2026-08-22,Build ready: 13/13 simulated calls and 132/132 judgments; clean live metadata preflight blocked only by three intentional authorization locks,"Go Deeper with the runner; keep provider execution, dataset freeze, candidate evaluation, and product selection closed",research/05_evaluation/evidence-sufficiency-v2-independent-review-002-build-results.md,research/05_evaluation/records/evidence-sufficiency-v2-independent-review-002-build.json
evidence-sufficiency-v2-independent-review-002,Evaluation instruments and evidence governance,Benchmark construction and evaluation process,trial-91ad28959521,229,264,S-229,2026-08-22,Invalid execution: the exact Mistral response was malformed; one call completed and all bulk calls stopped; response content/error detail were not preserved,"Refine the execution harness; draw no reviewer, dataset, or method-quality conclusion; authorization revoked",research/05_evaluation/evidence-sufficiency-v2-independent-review-002-invalid-results.md,
evidence-sufficiency-v2-independent-review-003-build,Evaluation instruments and evidence governance,Benchmark construction and evaluation process,trial-ca30a1ac04cb,230,265,S-230,2026-08-22,"Build ready: strict endpoint-qualified schema, malformed evidence preservation, 13/13 simulated calls, 132/132 judgments, and clean live no-call preflight",Go Deeper with review 003; keep paid execution and every downstream decision closed,research/05_evaluation/evidence-sufficiency-v2-independent-review-003-build-results.md,research/05_evaluation/records/evidence-sufficiency-v2-independent-review-003-build.json
evidence-sufficiency-v2-independent-review-003,Evaluation instruments and evidence governance,Benchmark construction and evaluation process,trial-98e2be65a02e,230,265,S-230,2026-08-22,"Invalid execution: the first call raised an authentication-class transport error before a provider response; all bulk calls stopped; zero judgments, reported tokens, or cost","Preserve as invalid operational evidence; draw no reviewer, dataset, or method-quality conclusion; authorization revoked",research/05_evaluation/evidence-sufficiency-v2-independent-review-003-invalid-results.md,
evidence-sufficiency-v2-independent-review-004-build,Evaluation instruments and evidence governance,Benchmark construction and evaluation process,trial-269a422db1e7,231,266,S-231,2026-08-22,"Build ready: official native chat-completions contract, preserved sanitized upstream diagnostics, 13/13 simulated calls, 132/132 judgments, and clean live no-call preflight",Go Deeper with native review 004; keep paid execution and every downstream decision closed,research/05_evaluation/evidence-sufficiency-v2-independent-review-004-build-results.md,research/05_evaluation/records/evidence-sufficiency-v2-independent-review-004-build.json
evidence-sufficiency-v2-independent-review-004,"Persistence, delivery and operations",Local deployment and service continuity,trial-cb0efc9ae1ea,186,221,S-186,2026-08-22,"Invalid execution: native router metadata recorded first-party Mistral endpoint statuses 400 and 401, but no provider response; all bulk calls stopped; zero judgments, reported tokens, or cost","Drop this exact OpenRouter/Mistral binding; preserve the operational result, revoke authorization, and draw no reviewer, dataset, or method-quality conclusion",research/05_evaluation/evidence-sufficiency-v2-independent-review-004-invalid-results.md,
evidence-sufficiency-v2-independent-review-005-build,Evaluation instruments and evidence governance,Benchmark construction and evaluation process,trial-8a0226169f0c,231,266,S-231,2026-08-22,"Build ready: stable Gemini 3.7 Flash pinned to the exact Google AI Studio standard endpoint; 13/13 simulated calls, 132/132 judgments, and clean live metadata-only preflight",Go Deeper with review 005; keep provider execution and every downstream decision closed,research/05_evaluation/evidence-sufficiency-v2-independent-review-005-build-results.md,research/05_evaluation/records/evidence-sufficiency-v2-independent-review-005-build.json
evidence-sufficiency-v2-independent-review-006-build,Evaluation instruments and evidence governance,Benchmark construction and evaluation process,trial-967c63b09396,232,267,S-232,2026-08-22,"Build ready: GPT-5.4 mini pinned to exact OpenAI standard backend; temperature omitted; reasoning and seed fixed; 13/13 simulated calls, 132/132 judgments, and live metadata match",Go Deeper with review 006 only; preserve unexecuted review 005 and keep provider execution and every downstream decision closed,research/05_evaluation/evidence-sufficiency-v2-independent-review-006-build-results.md,research/05_evaluation/records/evidence-sufficiency-v2-independent-review-006-build.json
evidence-sufficiency-v2-independent-review-006,"Persistence, delivery and operations",Local deployment and service continuity,trial-9c9f641e0166,187,222,S-187,2026-08-22,"Invalid execution: HTTP 400 before any provider response; all bulk calls stopped; zero judgments, reported tokens, or cost","Drop this exact OpenRouter/GPT binding; preserve the result, revoke authorization, and draw no reviewer, dataset, or method-quality conclusion",research/05_evaluation/evidence-sufficiency-v2-independent-review-006-invalid-results.md,
evidence-sufficiency-v2-independent-review-007-build,Evaluation instruments and evidence governance,Benchmark construction and evaluation process,trial-dd9466b269ab,233,268,S-233,2026-08-22,"Build ready: GPT-5.4 mini with OpenAI-to-Azure compatible fallback, no nonessential generation parameters, 13/13 simulated calls, 132/132 judgments, and clean live metadata match",Go Deeper with review 007 only; preserve invalid 006 and keep paid execution and every downstream decision closed,research/05_evaluation/evidence-sufficiency-v2-independent-review-007-build-results.md,research/05_evaluation/records/evidence-sufficiency-v2-independent-review-007-build.json
evidence-sufficiency-v2-independent-review-007,Evaluation instruments and evidence governance,Benchmark construction and evaluation process,trial-96dfc5c0c932,233,268,S-233,2026-08-22,"Invalid execution: HTTP 400 before any provider response; all bulk calls stopped; zero judgments, reported tokens, or cost","Drop the OpenRouter reviewer path; preserve the result, revoke authorization, and draw no reviewer, dataset, or method-quality conclusion",research/05_evaluation/evidence-sufficiency-v2-independent-review-007-invalid-results.md,
evidence-sufficiency-v2-independent-review-008-build,"Persistence, delivery and operations",Local deployment and service continuity,trial-8194c61cb7cd,188,223,S-188,2026-08-24,"Build ready: direct DeepSeek V4 Pro, 13/13 simulated calls, 132/132 judgments, official model-list match, and complete authorization locks",Go Deeper with review 008; stop the OpenRouter loop and keep paid execution plus every downstream decision closed,research/05_evaluation/evidence-sufficiency-v2-independent-review-008-build-results.md,research/05_evaluation/records/evidence-sufficiency-v2-independent-review-008-build.json
evidence-sufficiency-v2-independent-review-008,Evaluation instruments and evidence governance,Benchmark construction and evaluation process,trial-270f03a3edd4,236,271,S-236,2026-08-24,Completed reviewer-unreliable: 6/6 clean controls approved but only 5/6 defects detected; all bulk calls suppressed,"Drop this reviewer for the frozen contract, preserve the result, revoke authorization, and move #105 to deterministic checks plus bounded researcher audit",research/05_evaluation/evidence-sufficiency-v2-independent-review-008-results.md,
evidence-sufficiency-v2-deterministic-audit-001,"Persistence, delivery and operations",Local deployment and service continuity,trial-97655e06613f,187,222,S-187,2026-08-24,"Corrected successor passes structural and semantic lineage checks: 15/15 multi-evidence cases now use distinct sources, 10/10 permission cases expose stale pairs, and all seven high-risk slices enter the priority packet","Refine pending four human scope confirmations; freeze, candidate evaluation, and product selection remain closed",research/05_evaluation/evidence-sufficiency-v2-deterministic-audit-001-results.md,research/05_evaluation/records/evidence-sufficiency-v2-deterministic-audit-001.json
evidence-sufficiency-v2-decision-freeze-001,Evaluation instruments and evidence governance,Benchmark construction and evaluation process,trial-5adbf0cd16ed,235,270,S-235,2026-08-24,4/4 policy and scope boundaries confirmed; exact dataset and packet hashes validate; decision split remains unopened,Go Deeper to one separately frozen candidate comparison; no candidate execution or automatic selection,research/05_evaluation/evidence-sufficiency-v2-decision-freeze-001-results.md,
it5002-retrieval-rapid-v1-invalid,Retrieval and factual grounding,Text retrieval and factual answers,trial-5acdd123f02c,4,39,S-4,2026-07-24,Invalid,Drop local MPS R5 configuration; retain R1 rollback,research/05_evaluation/it5002-retrieval-rapid-v1-results.md,research/05_evaluation/records/it5002-retrieval-rapid-v1-invalid.json
cross-course-retrieval-pilot-v1-development-attempt-001-invalid,Retrieval and factual grounding,Text retrieval and factual answers,trial-8ab858a77edd,5,40,S-5,2026-07-28,Invalid,Refine boundary-context routing; no method decision,research/05_evaluation/cross-course-retrieval-pilot-v1-attempt-001-invalid-results.md,
cross-course-retrieval-pilot-v1-development-attempt-002,Retrieval and factual grounding,Text retrieval and factual answers,trial-ff3b85d5f112,6,41,S-6,2026-07-28,Development pilot,"Refine; advance M2 to verified evaluation, select no production method",research/05_evaluation/cross-course-retrieval-pilot-v1-results.md,research/05_evaluation/records/cross-course-retrieval-pilot-v1.json
cross-course-ingestion-v1,"Persistence, delivery and operations",Local deployment and service continuity,trial-08c955860028,168,203,S-168,2026-07-28,Completed,Keep page-bounded heading/paragraph chunking; retain selectable-text parser with visual limitations,research/05_evaluation/cross-course-ingestion-v1-results.md,research/05_evaluation/records/cross-course-ingestion-v1.json
cross-course-benchmark-model-second-review-v1,Retrieval and factual grounding,Text retrieval and factual answers,trial-321f7728cc0b,6,41,S-6,2026-07-30,Completed with one adjudicated disagreement,Keep and approve draft 6 for sealing,research/05_evaluation/cross-course-benchmark-model-second-review-v1-results.md,
cross-course-provider-qualification-v1-local-qwen3,"Persistence, delivery and operations",Local deployment and service continuity,trial-750e60751e3d,168,203,S-168,2026-07-30,Development qualification completed,Refine; retain local control and select no provider until hosted comparison,research/05_evaluation/cross-course-provider-qualification-v1-local-qwen3-results.md,research/05_evaluation/records/cross-course-provider-qualification-v1-local-qwen3.json
cross-course-retrieval-deployability-v1-batch8-context1024,"Persistence, delivery and operations",Local deployment and service continuity,trial-60ba5dc425e8,169,204,S-169,2026-07-31,Development optimization completed; latency gate failed,Refine; preserve M3 quality but do not freeze this runtime for deployment,research/05_evaluation/cross-course-retrieval-deployability-v1-results.md,research/05_evaluation/records/cross-course-retrieval-deployability-v1.json
cross-course-retrieval-deployability-v1-depth20,"Persistence, delivery and operations",Local deployment and service continuity,trial-cca26f92166f,170,205,S-170,2026-07-31,Final declared optimization completed; latency gate failed,Refine; mark local M3 deployment-ineligible and retain M2 as operational candidate,research/05_evaluation/cross-course-retrieval-deployability-v1-depth20-results.md,research/05_evaluation/records/cross-course-retrieval-deployability-v1-depth20.json
course-digital-twin-evaluation-program-007,Evaluation instruments and evidence governance,Benchmark construction and evaluation process,trial-b9d005162480,239,274,S-239,2026-08-31,"Completed Refine: candidate 64.25% grounded success, 99.2% action, 100% boundary, 95% evidence@3, zero severe releases; direct audit confirmed defects in all 16 flagged references; visual 17/30 complete@3; 614 calls/batches, USD 1.82048188","Revoke program 007, keep the sealed 10,000+1,000 stage unopened, and run one order-insensitive fresh reference-validation successor before product reconfirmation",research/05_evaluation/course-digital-twin-evaluation-program-007-results.md,research/05_evaluation/records/course-digital-twin-evaluation-program-007.json
multimodal-source-inventory-v1,Multimodal evidence,Visual retrieval and source-region grounding,trial-12c06b0e7cea,57,92,S-57,2026-07-31,Inventory and PDF sample completed; private benchmark draft unverified,"Refine; keep 292 clear candidates, review 435 ambiguous sources, and exclude 1,909 generated or secret-indicated artifacts",research/05_evaluation/multimodal-source-inventory-v1-results.md,
multimodal-benchmark-claude-second-review-v1,Multimodal evidence,Visual retrieval and source-region grounding,trial-433f29e120f0,58,93,S-58,2026-08-01,Completed; prediction failed and defects found; researcher review complete,"Refine draft; retain Codex taxonomy adjudication, author seven visual replacements, freeze the split/access ledger, and seal before retrieval comparison",research/05_evaluation/multimodal-benchmark-claude-second-review-v1-results.md,
multimodal-retrieval-v1-development-attempt-001,Multimodal evidence,Visual retrieval and source-region grounding,trial-fa084352e476,59,94,S-59,2026-08-01,Development completed; held-out unopened; V1 and V2 failed the relative visual-quality gate,"Refine and go deeper; run conditional V3 on failed slices plus fixed controls, with no profile selection",research/05_evaluation/multimodal-retrieval-v1-development-attempt-001-results.md,research/05_evaluation/records/multimodal-retrieval-v1-development-attempt-001.json
multimodal-retrieval-v1-v3-development-attempt-002,Multimodal evidence,Visual retrieval and source-region grounding,trial-86c5cbac7d9e,59,94,S-59,2026-08-01,Conditional development run completed; held-out unopened; quality and online-model gates failed,Drop this V3; retain V0 rollback and no selected multimodal profile,research/05_evaluation/multimodal-retrieval-v1-v3-development-attempt-002-results.md,research/05_evaluation/records/multimodal-retrieval-v1-v3-development-attempt-002.json
multimodal-retrieval-v1-v3-development-attempt-002-analysis-correction-001,Evaluation instruments and evidence governance,Measurement correction and semantic review,trial-17b7497d555b,255,290,S-255,2026-08-18,Complete correction; alleged nested loop rejected; duplicate-gain nDCG defect corrected; held-out unopened,Drop remains unchanged; select no multimodal profile and carry corrected V2 baseline into #86,research/05_evaluation/multimodal-retrieval-v1-v3-development-attempt-002-analysis-correction-001-results.md,research/05_evaluation/records/multimodal-retrieval-v1-v3-development-attempt-002-analysis-correction-001.json
cross-course-retrieval-v1-heldout-001,Retrieval and factual grounding,Text retrieval and factual answers,trial-0fc60458c06e,7,42,S-7,2026-08-02,Completed; 60-case one-time run,Keep M2 hybrid RRF; retain BM25 rollback; M1 and M3 are not deployment-eligible,research/05_evaluation/cross-course-retrieval-v1-heldout-results.md,research/05_evaluation/records/cross-course-retrieval-v1-heldout.json
student-workflow-slice-v1-synthetic,Autonomous orchestration,Bounded autonomous tutoring,trial-ca3f5c02cadf,128,163,S-128,2026-08-04,Completed; 14/14 acceptance checks,Keep injectable SQLite/domain authorization as bounded R3 foundation; refine release readiness,research/05_evaluation/student-workflow-slice-v1-synthetic-results.md,
student-workflow-slice-v2-publication-synthetic,"Persistence, delivery and operations",Local deployment and service continuity,trial-fba09e644884,170,205,S-170,2026-08-06,Completed; 19/19 acceptance checks,Keep evaluation-gated publication with atomic replacement and rollback as bounded R3 foundation,research/05_evaluation/student-workflow-slice-v2-publication-results.md,
generator-qualification-v1-development-attempt-001,"Persistence, delivery and operations",Local deployment and service continuity,trial-5024321726e2,171,206,S-171,2026-08-07,Completed; 96/96 attempts; both prompts failed citation-correctness floor,Refine; select no prompt; keep held-out sealed,research/05_evaluation/generator-qualification-v1-development-attempt-001-results.md,research/05_evaluation/records/generator-qualification-v1-development-attempt-001.json
generator-qualification-v1-development-attempt-002,"Persistence, delivery and operations",Local deployment and service continuity,trial-fd18d8560db9,172,207,S-172,2026-08-07,Development floors passed; stability pending; held-out unopened,Go deeper with P2 only to stability validation,research/05_evaluation/generator-qualification-v1-development-attempt-002-results.md,research/05_evaluation/records/generator-qualification-v1-development-attempt-002.json
generator-qualification-v1-development-stability-001,"Persistence, delivery and operations",Local deployment and service continuity,trial-e9b236c6de71,172,207,S-172,2026-08-07,Completed; 36/36 passed; held-out unopened,Go deeper to researcher decision on one-time held-out opening,research/05_evaluation/generator-qualification-v1-development-stability-001-results.md,
generator-qualification-v1-heldout-001,"Persistence, delivery and operations",Local deployment and service continuity,trial-f2be133d4dae,173,208,S-173,2026-08-07,Completed; 104/104 first review and 20/20 second review sample passed,Keep exact generator/P2 in experimental profile with deterministic rollback,research/05_evaluation/generator-qualification-v1-heldout-001-results.md,
professor-fidelity-v1-development-001,Instructor configuration and teaching policy,Instructor policy and profile alignment,trial-3ee226ff5b0d,104,139,S-104,2026-08-10,Provider trace complete; result invalid for selection and superseded; held-out unopened,Preserve all outputs; do not use the original metrics or condition effects,research/05_evaluation/professor-fidelity-v1-development-001-results.md,research/05_evaluation/records/professor-fidelity-v1-development-001.json
professor-fidelity-v1-development-001-analysis-correction-001,Evaluation instruments and evidence governance,Measurement correction and semantic review,trial-5b541e812d6e,253,288,S-253,2026-08-10,"Invalid for selection: human review, policy/condition binding, and C3 candidate identity failed; semantics unresolved; held-out unopened","Refine the instrument and dataset, then rerun development; no profile change",research/05_evaluation/professor-fidelity-v1-development-001-analysis-correction-001-results.md,research/05_evaluation/records/professor-fidelity-v1-development-001-analysis-correction-001.json
course-tutor-v1.2.1-authoring-cross-review-001,Instructor configuration and teaching policy,Instructor policy and profile alignment,trial-4424c9a2092e,104,139,S-104,2026-08-12,Superseded by deeper authoring audit; held-out tutor outputs unopened,Preserve historical conclusion but do not use it; draft 002 was later dropped,research/05_evaluation/course-tutor-v1.2.1-authoring-cross-review-001-results.md,
course-tutor-v1.2.3-authoring-cross-review-002,Instructor configuration and teaching policy,Instructor policy and profile alignment,trial-cbdb65b129eb,105,140,S-105,2026-08-12,"Codex advisory completed; 114 clear, 38 uncertain, 0 detected issues; human review pending; held-out tutor outputs unopened",Drop drafts 002 and 003; advance draft 004 to independent human review; do not approve or seal,research/05_evaluation/course-tutor-v1.2.3-authoring-cross-review-002-results.md,
course-tutor-hybrid-authoring-review-v1-attempt-001-invalid,Instructor configuration and teaching policy,Instructor policy and profile alignment,trial-6344a2e919f9,106,141,S-106,2026-08-14,Invalid and stopped at 172/456 records; 66-case human lower bound exceeded the frozen ceiling; no human packet or seal,Refine transport and sampling prospectively under v2; preserve v1 without quality or approval claims,research/05_evaluation/course-tutor-hybrid-authoring-review-v1-attempt-001-invalid-results.md,
course-tutor-hybrid-authoring-review-v2-attempt-001-invalid,Instructor configuration and teaching policy,Instructor policy and profile alignment,trial-e02315d6b78f,106,141,S-106,2026-08-14,"Invalid and stopped at 146/456 records after Gemma was excluded; no external call, human packet, or seal",Drop Gemma from this workflow; preserve v2 and rerun prospectively with DeepSeek V4 Pro plus two local Qwen reviewers under v3,research/05_evaluation/course-tutor-hybrid-authoring-review-v2-attempt-001-invalid-results.md,
course-tutor-hybrid-authoring-review-v3-attempt-001-invalid,Instructor configuration and teaching policy,Instructor policy and profile alignment,trial-de81cdda5462,107,142,S-107,2026-08-14,"Invalid and stopped at 59/456 decision records when the human lower bound reached 49; one request interrupted; no local review, human packet, or seal","Keep DeepSeek V4 Pro; refine transport, malformed-output handling, and correlated-committee escalation prospectively under v4",research/05_evaluation/course-tutor-hybrid-authoring-review-v3-attempt-001-invalid-results.md,
course-tutor-hybrid-authoring-review-v4-attempt-001-invalid,Instructor configuration and teaching policy,Instructor policy and profile alignment,trial-76ba950cbfa8,108,143,S-108,2026-08-14,"Invalid and stopped after 22 completed decisions when case 23 timed out and exposed a hard-stop classification bug; no held-out or local private review, human packet, or seal",Keep direct DeepSeek transport and retry repair; classify transient timeout/connection failures as retryable prospectively under v5,research/05_evaluation/course-tutor-hybrid-authoring-review-v4-attempt-001-invalid-results.md,
course-tutor-hybrid-authoring-review-v5-attempt-001-invalid,Instructor configuration and teaching policy,Instructor policy and profile alignment,trial-02d029f12d36,108,143,S-108,2026-08-14,"Invalid and stopped at 64/456 decisions when alias-induced split false positives raised the human lower bound to 49; no local private review, human packet, or seal","Keep DeepSeek V4 Pro; clarify frozen `dev`/`test` split aliases, raise the 4,096-token output ceiling, preserve claim-atomicity concerns, and rerun prospectively without reusing judgments",research/05_evaluation/course-tutor-hybrid-authoring-review-v5-attempt-001-invalid-results.md,
course-tutor-hybrid-authoring-review-v6-001,Instructor configuration and teaching policy,Instructor policy and profile alignment,trial-f1123018a6b2,109,144,S-109,2026-08-14,"Model committee complete: 456 records, 143 two-family approvals, eight DeepSeek revisions, one DeepSeek invalid; blinded 41-case human audit pending; no seal or tutor output",Go deeper to the exact blinded human audit; retain model records and do not claim professor approval,research/05_evaluation/course-tutor-hybrid-authoring-review-v6-001-results.md,
professor-fidelity-v2-anchor-attempt-001-invalid,Instructor configuration and teaching policy,Instructor policy and profile alignment,trial-ba2c0f6e0d80,113,148,S-113,2026-08-14,Invalid and stopped on the first provider response because the served fingerprint drifted; 0/12 cases complete; no result/checkpoint or held-out access,Refine prospectively to a V4 Pro development qualification; do not accept or rerun the changed Flash binding,research/05_evaluation/professor-fidelity-v2-anchor-attempt-001-invalid-results.md,
generator-qualification-v2-v4-pro-development-001,"Persistence, delivery and operations",Local deployment and service continuity,trial-bf050d8c5578,174,209,S-174,2026-08-14,Completed 48/48 calls at one exact fingerprint; 46/48 deterministic all-check passes; two ambiguity cases used `answer` instead of `clarify`; all-case Qwen review pending,Refine and classify every case with the frozen cross-model review; do not select or open generator held-out,research/05_evaluation/generator-qualification-v2-v4-pro-development-001-results.md,
generator-qualification-v2-qwen-review-attempt-001-invalid,"Persistence, delivery and operations",Local deployment and service continuity,trial-bc93d09ea7b6,173,208,S-173,2026-08-14,"Invalid: 48 template-identical approvals, including both deterministic failures; no demonstrated defect sensitivity",Drop the judgments and repair prospectively with a mandatory public sensitivity gate,research/05_evaluation/generator-qualification-v2-qwen-review-attempt-001-invalid-results.md,
generator-qualification-v2-qwen-review-v2-attempt-001-invalid,"Persistence, delivery and operations",Local deployment and service continuity,trial-80622c78e97d,174,209,S-174,2026-08-14,Invalid and stopped at probe 4: Qwen passed valid/action/support probes but approved a citation-required answer with no citations; 0 candidate cases read,Drop Qwen for citation clearance and retain deterministic citation gates; do not rerun this attempt,research/05_evaluation/generator-qualification-v2-qwen-review-v2-attempt-001-invalid-results.md,
generator-qualification-v2-v4-pro-development-001-action-analysis-correction-001,Evaluation instruments and evidence governance,Measurement correction and semantic review,trial-eb47c09c6d2d,254,289,S-254,2026-08-14,No-model correction changed exactly `gqv1-dev-005` from answer to clarify; corrected diagnosis is 47/48 with `gqv1-dev-045` still failed,Refine with narrow P3 ambiguity prompt; preserve original 46/48 record,research/05_evaluation/generator-qualification-v2-v4-pro-development-001-action-analysis-correction-001-results.md,
generator-qualification-v3-v4-pro-p3-development-001,"Persistence, delivery and operations",Local deployment and service continuity,trial-ea738300fe1f,176,211,S-176,2026-08-14,Completed 48/48 at one exact fingerprint; deterministic all-check passes 48/48 and every scenario 6/6; subsequent same-family semantic review passed,Go deeper with P3 as an anchor-only candidate; do not select or open held-out,research/05_evaluation/generator-qualification-v3-v4-pro-p3-development-001-results.md,
generator-qualification-v3-v4-pro-p3-deepseek-review-001,"Persistence, delivery and operations",Local deployment and service continuity,trial-ddcb35cfb552,175,210,S-175,2026-08-14,"Passed all five probes; 48/48 approvals, zero uncertainty/escalation, 48 unique reasons, one exact fingerprint",Go deeper with P3 as anchor-only candidate; same-family review cannot select the profile,research/05_evaluation/generator-qualification-v3-v4-pro-p3-deepseek-review-001-results.md,
professor-fidelity-v2-anchor-002-deepseek-primary-attempt-001-invalid,Instructor configuration and teaching policy,Instructor policy and profile alignment,trial-a54612a55ea5,110,145,S-110,2026-08-14,Invalid: 5/12 cases and 25 calls checkpointed before a subsequent single-response judgment failed validation; no final result,Refine empty-response representation and exact-quote enforcement; never rerun attempt 001,research/05_evaluation/professor-fidelity-v2-anchor-002-deepseek-primary-attempt-001-invalid-results.md,
professor-fidelity-judge-v4-empty-response-probe-001,Instructor configuration and teaching policy,Instructor policy and profile alignment,trial-77cd4ec836b8,109,144,S-109,2026-08-14,"Passed: schema-valid fail, exact `[EMPTY RESPONSE]` quote, one exact fingerprint, one call, no retry",Keep v4 repair and permit primary anchor attempt 002 only,research/05_evaluation/professor-fidelity-judge-v4-empty-response-probe-001-results.md,
professor-fidelity-v2-anchor-002,Instructor configuration and teaching policy,Instructor policy and profile alignment,trial-d9fc6f339740,110,145,S-110,2026-08-14,"Completed 48/48 at one exact fingerprint; C1/C2 each passed 10/12 hard gates, C3 6/12; machine calibration ineligible","Refine; retain diagnostic evidence, do not select P3 or open development/held-out",research/05_evaluation/professor-fidelity-v2-anchor-002-results.md,
professor-fidelity-v2-anchor-002-deepseek-primary-attempt-002,Instructor configuration and teaching policy,Instructor policy and profile alignment,trial-67fe72f2d4d0,111,146,S-111,2026-08-14,Complete 70-call result; repeat label agreement 68.75%; original hidden-hard-gate interpretation superseded by correction below,"Refine evaluator; diagnostic labels only, no condition selection",research/05_evaluation/professor-fidelity-v2-anchor-002-deepseek-primary-attempt-002-results.md,
professor-fidelity-v2-anchor-002-deepseek-swapped-attempt-001-invalid,Instructor configuration and teaching policy,Instructor policy and profile alignment,trial-1f6702a7cbf4,111,146,S-111,2026-08-14,Invalid: 5/12 cases and 25 calls checkpointed before empty provider content; no final result,Drop attempt from calibration and never rerun it,research/05_evaluation/professor-fidelity-v2-anchor-002-deepseek-swapped-attempt-001-invalid-results.md,
professor-fidelity-v2-anchor-002-qwen-sensitivity-attempt-001-invalid,Instructor configuration and teaching policy,Instructor policy and profile alignment,trial-c1efd0040782,113,148,S-113,2026-08-14,Invalid: 2/12 cases and 10 local calls checkpointed before a quote was not uniquely source-aligned,Drop Qwen as active calibration judge and never rerun the attempt,research/05_evaluation/professor-fidelity-v2-anchor-002-qwen-sensitivity-attempt-001-invalid-results.md,
professor-fidelity-v2-anchor-002-machine-review-summary-001,Instructor configuration and teaching policy,Instructor policy and profile alignment,trial-be8a23a89d41,112,147,S-112,2026-08-14,Complete and ineligible; original interpretation preserved historically and superseded by correction below,Refine evaluator; defer human packets without treating them as passed; keep development/held-out closed,research/05_evaluation/professor-fidelity-v2-anchor-002-machine-review-summary-001-results.md,research/05_evaluation/records/professor-fidelity-v2-anchor-002-machine-review-summary-001.json
professor-fidelity-v2-anchor-002-machine-review-summary-001-analysis-correction-001,Evaluation instruments and evidence governance,Measurement correction and semantic review,trial-681e406133aa,255,290,S-255,2026-08-17,Complete and ineligible: repeat 33/48 labels across two repeated cases; hidden hard-gate disagreement reclassified as diagnostic; citation-source denominator corrected to eight applicable cases per condition,"Refine / Paused; no condition selection; keep human, development, and held-out closed",research/05_evaluation/professor-fidelity-v2-anchor-002-machine-review-summary-001-analysis-correction-001-results.md,research/05_evaluation/records/professor-fidelity-v2-anchor-002-machine-review-summary-001-analysis-correction-001.json
dependency-compatibility-python-ml-001,Retrieval and factual grounding,Text retrieval and factual answers,trial-fca95b198e36,8,43,S-8,2026-08-18,Completed; exact compatibility gate failed on 2/40 cases,Drop Torch 2.13.0 / Transformers 5.15.0 / Sentence Transformers 5.7.0 group; retain selected versions and independently passing upgrades,research/05_evaluation/dependency-compatibility-python-ml-001-results.md,research/05_evaluation/records/dependency-compatibility-python-ml-001.json
multimodal-product-grounding-v2-development-001,Multimodal evidence,Visual retrieval and source-region grounding,trial-e382eb95b8ea,60,95,S-60,2026-08-18,Completed diagnostic; OCR adapter and localization-label defects prevent selection,"Refine; retain text fallback, repair OCR mapping, table context, modality routing, and labels prospectively",research/05_evaluation/multimodal-product-grounding-v2-development-001-results.md,research/05_evaluation/records/multimodal-product-grounding-v2-development-001.json
multimodal-product-grounding-v2-development-attempt-002,Multimodal evidence,Visual retrieval and source-region grounding,trial-1a49f9222d3b,61,96,S-61,2026-08-19,"Completed; all quality/lineage gates passed, p95 ratio failed; 2/13 answerable actions abstained diagnostically",Refine; retain no profile selection and optimize routed indexes plus equation search context prospectively,research/05_evaluation/multimodal-product-grounding-v2-development-attempt-002-results.md,research/05_evaluation/records/multimodal-product-grounding-v2-development-attempt-002.json
multimodal-product-grounding-v2-development-attempt-003,Multimodal evidence,Visual retrieval and source-region grounding,trial-2044889a687d,62,97,S-62,2026-08-19,"Completed; 13/14 gates passed, all quality/integration gates passed, relative p95 failed","Refine; retain product foundation and text fallback, select no multimodal profile, stop tuning this development set",research/05_evaluation/multimodal-product-grounding-v2-development-attempt-003-results.md,research/05_evaluation/records/multimodal-product-grounding-v2-development-attempt-003.json
deployable-product-foundation-v1-development-001,"Persistence, delivery and operations",Local deployment and service continuity,trial-fb21c66c734b,176,211,S-176,2026-08-19,Local qualification complete; 41/41 checks passed; external HTTPS host rehearsal pending,Go Deeper with A1 single-node staging; retain A0 local demo rollback,research/05_evaluation/deployable-product-foundation-v1-development-001-results.md,research/05_evaluation/records/deployable-product-foundation-v1-development-001.json
deployable-product-foundation-v2-container-001,"Persistence, delivery and operations",Local deployment and service continuity,trial-ff8649b46254,177,212,S-177,2026-08-19,Container build passed; final 15/15 live journey plus 5/5 clean restore and 5/5 original-volume rollback passed,Go Deeper with A1 v2; public DNS/certificate and target-host rehearsal remain,research/05_evaluation/deployable-product-foundation-v2-container-001-results.md,research/05_evaluation/records/deployable-product-foundation-v2-container-001.json
deployable-product-foundation-v3-model-policy-001,"Persistence, delivery and operations",Local deployment and service continuity,trial-51d0cd48cb02,177,212,S-177,2026-08-19,"Policy passed; 95/95 focused tests, 41/41 in-process checks, built images, 15/15 live journey, 5/5 clean restore, and 5/5 rollback",Go Deeper with A1 v3 model policy; no Qwen3.5 quality selection; public-host gates remain,research/05_evaluation/deployable-product-foundation-v3-model-policy-001-results.md,research/05_evaluation/records/deployable-product-foundation-v3-model-policy-001.json
deployable-product-foundation-v4-provider-registry-001,"Persistence, delivery and operations",Local deployment and service continuity,trial-0a2793ad104d,178,213,S-178,2026-08-19,"107/107 focused tests, 41/41 in-process checks, built images, 15/15 live journey, and three 5/5 recovery replays",Go Deeper with A1 v4; Jina v5/v3 remain unselected candidates; public-host gates remain,research/05_evaluation/deployable-product-foundation-v4-provider-registry-001-results.md,research/05_evaluation/records/deployable-product-foundation-v4-provider-registry-001.json
deployable-product-foundation-v5-local-multimodel-policy-001,"Persistence, delivery and operations",Local deployment and service continuity,trial-f7ad25bdba29,178,213,S-178,2026-08-19,"113/113 focused tests, 41/41 in-process checks, built images, 15/15 live journey, and three 5/5 recovery replays",Go Deeper with A1 v5; direct DeepSeek retained; Qwen3.5 9B and OpenRouter routes remain unselected pending quality evidence,research/05_evaluation/deployable-product-foundation-v5-local-multimodel-policy-001-results.md,research/05_evaluation/records/deployable-product-foundation-v5-local-multimodel-policy-001.json
factual-qa-quality-pilot-v1-attempt-001,Retrieval and factual grounding,Text retrieval and factual answers,trial-591826ffd333,8,43,S-8,2026-08-19,Invalid for qualification: boundary answers were blank; primary review completed 18/24; call accounting and post-write reporting defects found,Refine the method prospectively under attempt 002; no human audit or scale authorization,research/05_evaluation/factual-qa-quality-pilot-v1-attempt-001-results.md,
factual-qa-quality-pilot-v1-attempt-002,Retrieval and factual grounding,Text retrieval and factual answers,trial-58ec82278e4f,9,44,S-9,2026-08-19,"All machine gates passed; 24/24 retained, 7/7 safe boundary actions, 6/6 multimodal retained, zero leakage or duplicate alerts",Go Deeper to the preserved six-case human audit; no scale or benchmark claim,research/05_evaluation/factual-qa-quality-pilot-v1-attempt-002-results.md,
local-qwen-reviewer-sensitivity-v1-development-001,Retrieval and factual grounding,Text retrieval and factual answers,trial-4fe1e88d5f5a,14,49,S-14,2026-08-19,22/22 structured; 11/11 defects and 6/6 visual defects rejected; 10/11 clean accepted; failure-label accuracy 8/11 missed the 80% gate,"Refine prompt, failure contract, taxonomy, and RSS sampling; no role selection or OpenRouter call",research/05_evaluation/local-qwen-reviewer-sensitivity-v1-development-001-results.md,
local-qwen-reviewer-sensitivity-v2-development-002,Evaluation instruments and evidence governance,Benchmark construction and evaluation process,trial-cf6a21c3533d,228,263,S-228,2026-08-19,"11/11 defects, 6/6 visual defects, 6/6 visual clean, and 11/11 derived labels passed; one cross-course clean abstention was falsely rejected",Refine; stop tuning on reused probes; local Qwen remains advisory-only and an independent API reviewer is the next candidate,research/05_evaluation/local-qwen-reviewer-sensitivity-v2-development-002-results.md,
academic-vault-source-inventory-v1-refresh-2026-08-19,Evaluation instruments and evidence governance,Benchmark construction and evaluation process,trial-4a3e7aecb6e6,227,262,S-227,2026-08-19,"294 clear candidates, 437 review required, 1,903 generated exclusions, three sensitive exclusions; 66 duplicate groups and 46 zero-byte files",Refine; freeze as the v3 source universe and require explicit disposition before release,research/05_evaluation/academic-vault-source-inventory-v1-refresh-2026-08-19-results.md,
factual-qa-v3-source-disposition-v1,Retrieval and factual grounding,Text retrieval and factual answers,trial-2a252095fb3d,13,48,S-13,2026-08-19,"Accounting passed; 1,971 duplicate/generated and three sensitive files excluded; 663 unique sources remain pending",Refine; keep accounting implementation and resolve content role/conversion before release,research/05_evaluation/factual-qa-v3-source-disposition-v1-results.md,
factual-qa-v3-source-disposition-v2-correction-001,Retrieval and factual grounding,Text retrieval and factual answers,trial-17157a2f04d5,14,49,S-14,2026-08-19,"53 `.DS_Store`, pytest-cache, swap, or backup artifacts removed from review; 610 sources remain pending",Keep corrected accounting; continue Refine for content role and conversion,research/05_evaluation/factual-qa-v3-source-disposition-v2-correction-001-results.md,
factual-qa-v3-conversion-readiness-v1,Retrieval and factual grounding,Text retrieval and factual answers,trial-331fdf2c24c8,10,45,S-10,2026-08-19,"Integrity 610/610; 586 ready; 4 OCR, 4 office, 11 unsupported, 1 empty, and 4 parser-invalid sources remain",Refine the 24-source conversion queue before semantic role release,research/05_evaluation/factual-qa-v3-conversion-readiness-v1-results.md,
factual-qa-v3-preconversion-exclusion-correction-001,Retrieval and factual grounding,Text retrieval and factual answers,trial-0a37c91877ab,11,46,S-11,2026-08-19,Removed one empty and four pending unrelated config files; integrity 605/605; 586 locally ready; 19 genuine format exceptions,"Keep v3 boundary; remediate OCR/office/unsupported/parser cases, then classify semantic roles",research/05_evaluation/factual-qa-v3-preconversion-exclusion-correction-001-results.md,
factual-qa-v3-conversion-resolution-v1,Retrieval and factual grounding,Text retrieval and factual answers,trial-b04de6d6b78b,11,46,S-11,2026-08-19,"Conversion gate passed; 598 direct, 4 Apple Vision OCR, 2 empty exclusions, 1 redundant archive exclusion; 602 sources advance",Keep conversion boundary; begin semantic source-role classification,research/05_evaluation/factual-qa-v3-conversion-resolution-v1-results.md,
factual-qa-v3-semantic-role-triage-v1,Retrieval and factual grounding,Text retrieval and factual answers,trial-c25f65816e8d,12,47,S-12,2026-08-19,"32 authoritative, 253 supporting, 179 newly excluded, 138 unresolved content-level reviews",Refine; freeze unresolved packet and select review policy before model use,research/05_evaluation/factual-qa-v3-semantic-role-triage-v1-results.md,
factual-qa-v3-semantic-role-triage-v2-correction-001,Retrieval and factual grounding,Text retrieval and factual answers,trial-cae5c794d725,13,48,S-13,2026-08-19,"32 exact-hash authoritative, eight preserved exclusions, 2,027 duplicate/generated, and 570 provisional content-level reviews","Refine; use v2 prospectively and keep all model, dataset, held-out, and scale execution closed pending the correctness freeze",research/05_evaluation/factual-qa-v3-semantic-role-triage-v2-correction-001-results.md,
factual-qa-v3-content-boundary-screen-v1,Retrieval and factual grounding,Text retrieval and factual answers,trial-a37bac5633c3,10,45,S-10,2026-08-19,Integrity 570/570; 554 locally text-extracted; 16 visual/binary review; 19 lexical priority signals; 535 semantic-review routes; zero final labels,Keep as routing control; review priority records and preserve semantic gate failure,research/05_evaluation/factual-qa-v3-content-boundary-screen-v1-results.md,
repository-correctness-dependency-remediation-2026-08-19,"Persistence, delivery and operations",Local deployment and service continuity,trial-f79d300f42f7,179,214,S-179,2026-08-19,Python and JavaScript audits report zero known vulnerabilities and zero active exceptions,Keep secure lock; historical retrieval results remain version-bound and the upgraded stack requires a new evaluation after correctness freeze,research/05_evaluation/repository-correctness-dependency-remediation-2026-08-19-results.md,
repository-correctness-runtime-boundaries-2026-08-19,"Persistence, delivery and operations",Local deployment and service continuity,trial-57a1ee0e5100,180,215,S-180,2026-08-19,Complete checkpoint: 502 Python and 30 frontend tests passed; all repository checks green,Keep corrected runtime and continue repository audit; no deployment or component-selection claim,research/05_evaluation/repository-correctness-runtime-boundaries-2026-08-19-results.md,
repository-correctness-onboarding-policy-2026-08-20,Instructor configuration and teaching policy,Instructor policy and profile alignment,trial-6f42dbab8e94,114,149,S-114,2026-08-20,Complete checkpoint: 518 Python and 32 frontend tests passed; 80/427 files audited,Keep corrected onboarding/policy path and continue repository audit; no deployment or component-selection claim,research/05_evaluation/repository-correctness-onboarding-policy-2026-08-20-results.md,
repository-correctness-api-persistence-2026-08-20,"Persistence, delivery and operations",Local deployment and service continuity,trial-5c467096810a,181,216,S-181,2026-08-20,Complete checkpoint: 615 Python tests passed; 156/427 files audited; 96/96 active-runtime files audited,Keep corrected runtime and continue frontend/tooling/configuration audit; no deployment or component-selection claim,research/05_evaluation/repository-correctness-api-persistence-2026-08-20-results.md,
repository-correctness-full-sweep-2026-08-20,"Persistence, delivery and operations",Local deployment and service continuity,trial-482bbc13317b,181,216,S-181,2026-08-20,"Complete and merged in PR #98 at `db2f5e9`: 426/426 audited, 621 Python and 46 frontend tests passed, full repository check green",Keep corrected state; preserve execution freeze until separate next-action authorization,research/05_evaluation/repository-correctness-full-sweep-2026-08-20-results.md,
factual-qa-v3-oracle-pilot-001,Evaluation instruments and evidence governance,Measurement correction and semantic review,trial-55716d3e701d,256,291,S-256,2026-08-20,Every machine gate passed; 39/40 provenance-valid; retrieval all-evidence@3 32/32; human audit accepted seven retained controls and confirmed the one citation quarantine,"Go deeper to a faster, prospectively frozen 100–200 case rehearsal; do not scale to 10,000 yet",research/05_evaluation/factual-qa-v3-oracle-pilot-001-results.md,
factual-qa-v3-scale-rehearsal-002,Retrieval and factual grounding,Text retrieval and factual answers,trial-f5be53106b1a,15,50,S-15,2026-08-20,"Invalid execution: all 120 author calls completed, then the first-party Mistral ZDR route returned upstream 401; no quality result; reviewer call and exact cost accounting incomplete","Refine method; preserve 002, add pre-bulk provider canaries, and require successor 003",research/05_evaluation/factual-qa-v3-scale-rehearsal-002-invalid-results.md,
factual-qa-v3-scale-rehearsal-004,Retrieval and factual grounding,Text retrieval and factual answers,trial-94fa7767bb6b,15,50,S-15,2026-08-20,"Completed; 114/120 provenance-valid, retrieval 96/96 at top three, but reviewer sensitivity was 10/20 because every missing/truncated citation mutation was accepted; 12-case audit confirmed six quarantines and six controls",Refine reviewer method; preserve deterministic authority and do not scale,research/05_evaluation/factual-qa-v3-scale-rehearsal-004-results.md,
factual-qa-v3-scale-rehearsal-005,Retrieval and factual grounding,Text retrieval and factual answers,trial-6be671c3d39f,16,51,S-16,2026-08-20,"Invalid execution: both canaries and all pre-dispute stages completed in memory, then one DeepSeek dispute response contained malformed JSON; completed quality results and exact accounting were not persisted",Refine orchestration; replace full rerun with focused reviewer qualification and durable batch checkpoints,research/05_evaluation/factual-qa-v3-scale-rehearsal-005-invalid-results.md,
factual-qa-v3-reviewer-qualification-006,"Persistence, delivery and operations",Local deployment and service continuity,trial-4ef302d8e540,180,215,S-180,2026-08-20,"Passed every gate: 24/24 clean accepted, 24/24 defects rejected, every class 4/4, zero malformed/provider errors","Keep reviewer as advisory QC and design the separately authorized 10,000-case pipeline",research/05_evaluation/factual-qa-v3-reviewer-qualification-006-results.md,
factual-qa-v3-reviewer-qualification-007,"Persistence, delivery and operations",Local deployment and service continuity,trial-30d81d87efd1,186,221,S-186,2026-08-21,"Failed six gates: 41/48 valid reviews, 75.0% clean specificity, 83.3% mutation sensitivity, seven malformed responses, 42.46 s p95, USD 0.128239",Drop Qwen for this role; retain qualified Mistral Small 4 and harden cost enforcement before paid scale,research/05_evaluation/factual-qa-v3-reviewer-qualification-007-results.md,
factual-qa-v3-scale-pilot-100-001,Retrieval and factual grounding,Text retrieval and factual answers,trial-9fab2c2b430f,16,51,S-16,2026-08-21,"Completed Refine: 4/100 deterministic-valid, 9 malformed authors, 0/100 valid Mistral reviews, 0 mutation probes, 12/12 priority quarantines confirmed",Refine author/reviewer contracts and independent mutation fixtures; do not scale,research/05_evaluation/factual-qa-v3-scale-pilot-100-001-results.md,
factual-qa-v3-scale-pilot-100-002-build,Retrieval and factual grounding,Text retrieval and factual answers,trial-6023e287fc89,18,53,S-18,2026-08-21,Build ready: 222-call normal and 246-call dispute paths passed; mutations remained executable under 100 malformed authors; zero provider calls,Keep corrected build for separate authorization; no paid-quality or scale claim,research/05_evaluation/factual-qa-v3-scale-pilot-100-002-build-results.md,
factual-qa-v3-scale-pilot-100-002,Retrieval and factual grounding,Text retrieval and factual answers,trial-9f565f1710d7,17,52,S-17,2026-08-21,"Completed Refine: 93/100 deterministic-valid, 100% citation validity, 97% reviewer agreement, 20/20 mutation rejection; five quality gates failed","Refine deterministic assembly, boundary handling, null review, and duplicate control; do not scale",research/05_evaluation/factual-qa-v3-scale-pilot-100-002-results.md,
factual-qa-v3-10000-pipeline-002-build,"Persistence, delivery and operations",Local deployment and service continuity,trial-abcc3fe05091,185,220,S-185,2026-08-21,"Build complete: exact 8,000 answerable plus 2,000 boundary composition; 0 normalized duplicates; network-free 222-call simulation passed all gates",Keep provider-free successor; await professor-method interpretation and separate paid pilot-003 authorization,research/05_evaluation/factual-qa-v3-10000-pipeline-002-build-results.md,
factual-qa-v3-scale-pilot-100-003,Retrieval and factual grounding,Text retrieval and factual answers,trial-061194165ade,19,54,S-19,2026-08-22,"Completed Keep: 100/100 deterministic-valid, 80/80 citation-valid, 99/100 reviewer agreement, 20/20 mutation rejection, zero exact duplicates or malformed outcomes","Keep method; design a separately authorized 1,000-case checkpoint; do not authorize 1,000 or 10,000 from this result",research/05_evaluation/factual-qa-v3-scale-pilot-100-003-results.md,
factual-qa-v3-scale-checkpoint-1000-001,Retrieval and factual grounding,Text retrieval and factual answers,trial-0927f91fbf5b,18,53,S-18,2026-08-22,"Invalid execution: DeepSeek canary passed, but a 67-character reviewer task ID violated the local 64-character contract before provider I/O",Revoke 001; correct only the task identifiers and rerun the unchanged scope as 002; no quality conclusion,research/05_evaluation/factual-qa-v3-scale-checkpoint-1000-001-results.md,
factual-qa-v3-scale-checkpoint-1000-002,Retrieval and factual grounding,Text retrieval and factual answers,trial-99577d9245e3,18,53,S-18,2026-08-22,"Completed Keep: 900/900 deterministic-valid, 720/720 citation-valid, 898/900 reviewer agreement, 179/180 mutation rejection, zero exact duplicates or malformed responses; cumulative 1,000-case gates pass","Keep method; revoke authorization and require a separate decision before the remaining 9,000 cases",research/05_evaluation/factual-qa-v3-scale-checkpoint-1000-002-results.md,
factual-qa-v3-scale-completion-10000-001,Retrieval and factual grounding,Text retrieval and factual answers,trial-7377b5f7ace6,19,54,S-19,2026-08-24,"Completed Keep: 9,000/9,000 deterministic-valid, 7,200/7,200 citation-valid, 8,927/9,000 reviewer agreement, 1,795/1,800 advisory mutation rejection, 1,800/1,800 deterministic mutation rejection, and zero exact duplicates; every gate passed","Keep cumulative 10,000-case method evidence, revoke authorization, and move to separate real-source and product/fidelity evaluation",research/05_evaluation/factual-qa-v3-scale-completion-10000-001-results.md,
factual-qa-v3-scale-completion-10000-001-analysis-correction-001,Evaluation instruments and evidence governance,Measurement correction and semantic review,trial-a6b360d0dfa8,257,292,S-257,2026-08-25,"Complete correction: 10,000 rows derive from eight claim grammars and correlated templates; the author received gold metadata and only varied question wording; the product did not retrieve or answer independently",Keep as engineering pipeline-scale evidence only; Go Deeper with a leakage-free end-to-end Digital Twin evaluation,research/05_evaluation/factual-qa-v3-scale-completion-10000-001-analysis-correction-001-results.md,
deployable-product-foundation-v7-post-correctness-requalification-001,"Persistence, delivery and operations",Local deployment and service continuity,trial-e532e23994c6,184,219,S-184,2026-08-21,"In-process Go Deeper: 42/42 gates, 100/100 capacity requests, 3.073 ms p95, schema-v8 restore; current container build invalid operationally after Docker registry/runtime stall",Keep V7 verifier corrections and current-tree package; withhold image/HTTPS/release claim pending a successful current container successor,research/05_evaluation/deployable-product-foundation-v7-post-correctness-requalification-001-results.md,research/05_evaluation/records/deployable-product-foundation-v7-post-correctness-requalification-001.json
autonomous-tutoring-graph-development-001,Autonomous orchestration,Bounded autonomous tutoring,trial-9200c56d3f98,128,163,S-128,2026-08-22,"Completed Go Deeper: every T0 action and T1 action/intent matched; citations, fallback, persistence, and restart were 100%; zero safety violations or provider usage",Advance T1 to one separately frozen confirmation only; keep T0 selected for staging and rollback,research/05_evaluation/autonomous-tutoring-graph-development-001-results.md,research/05_evaluation/records/autonomous-tutoring-graph-development-001.json
evidence-sufficiency-v2-candidate-comparison-001-build,Evaluation instruments and evidence governance,Benchmark construction and evaluation process,trial-a4876051817d,235,270,S-235,2026-08-24,Build ready: four fixed methods including unselectable AnyHit; model-free simulation passed; 839 Python and 46 frontend tests; 510/510 audit,Go Deeper with one separately authorized local comparison; no candidate selected and no release authority,research/05_evaluation/evidence-sufficiency-v2-candidate-comparison-001-build-results.md,research/05_evaluation/records/evidence-sufficiency-v2-candidate-comparison-001-build.json
evidence-sufficiency-v2-candidate-comparison-001,Evaluation instruments and evidence governance,Benchmark construction and evaluation process,trial-4b7e22289318,234,269,S-234,2026-08-24,No selectable candidate passed: deterministic control 0 false answers but 8.8% recall; GTE and GTE+NLI each 7 false answers and 15.0% recall; 12/12 priority cases audited,"Refine; select no gate, revoke authorization, and require a method-level successor rather than threshold tuning or another model search",research/05_evaluation/evidence-sufficiency-v2-candidate-comparison-001-results.md,research/05_evaluation/records/evidence-sufficiency-v2-candidate-comparison-001.json
evidence-sufficiency-v3-atomic-claim-confirmation-001-build,Evaluation instruments and evidence governance,Benchmark construction and evaluation process,trial-acd00154ea05,237,272,S-237,2026-08-24,"Build ready: claim-only response contract, deterministic lineage/final authority, exact control, pinned NLI candidate, 12 balanced slices; 856 Python and 46 frontend tests; 517/517 audit",Go Deeper to one separately authorized local confirmation; no method or product binding selected,research/05_evaluation/evidence-sufficiency-v3-atomic-claim-confirmation-001-build-results.md,research/05_evaluation/records/evidence-sufficiency-v3-atomic-claim-confirmation-001-build.json
evidence-sufficiency-v3-atomic-claim-confirmation-001,Evaluation instruments and evidence governance,Benchmark construction and evaluation process,trial-59dec0141375,236,271,S-236,2026-08-24,"Completed Keep: zero false releases, 95% supported retention, 90% multi-claim retention, 100% mutation/lineage/malformed rejection, 53.15 ms p95, and 599,932,928 added bytes",Keep NLI atomic-claim method; revoke execution and require separate product binding and rebuild,research/05_evaluation/evidence-sufficiency-v3-atomic-claim-confirmation-001-results.md,research/05_evaluation/records/evidence-sufficiency-v3-atomic-claim-confirmation-001.json
evidence-sufficiency-v3-atomic-claim-confirmation-001-analysis-correction-001,Evaluation instruments and evidence governance,Measurement correction and semantic review,trial-28714a08c856,257,292,S-257,2026-08-25,"Complete correction: 120 rows are ten fact groups crossed with twelve templates; row independence is invalid, direct Codex review is not independent annotation, and real product retrieval/generation was not exercised",Go Deeper; retain NLI as a provisional development candidate but revoke production selection and product binding,research/05_evaluation/evidence-sufficiency-v3-atomic-claim-confirmation-001-analysis-correction-001-results.md,
academic-factual-qa-end-to-end-pilot-001-build,Autonomous orchestration,Bounded autonomous tutoring,trial-4f850efdc434,129,164,S-129,2026-08-25,"Build complete: product input excludes every gold field; normal T0 service, retrieval, generation, citations, persistence, slices, and cluster-bootstrap metrics exercised; diagnostic controls expose 0% retention versus 60% unsupported releases",Go Deeper; integrate the provisional candidate and independently validated data before a separately frozen development run,research/05_evaluation/academic-factual-qa-end-to-end-pilot-001-build-results.md,
academic-factual-qa-end-to-end-pilot-002-attempt-001-invalid,Autonomous orchestration,Bounded autonomous tutoring,trial-78e6e9faca68,130,165,S-130,2026-08-25,Execution completed but the worktree was dirty and not bound to one frozen revision,"Invalid execution; preserve the attempt, add a clean-revision preflight, and rerun from a committed build",research/05_evaluation/academic-factual-qa-end-to-end-pilot-002-attempt-001-invalid-results.md,research/05_evaluation/records/academic-factual-qa-end-to-end-pilot-002-attempt-001-invalid.json
academic-factual-qa-end-to-end-pilot-002,Autonomous orchestration,Bounded autonomous tutoring,trial-1d9b855741a3,129,164,S-129,2026-08-25,"Any-hit released 34/80 boundaries with 50% citation precision; evidence-selection and two-boundary arms passed 160/160 with 80/80 retention, zero unsafe releases, complete claims/citations, and 160/160 paired draft identity","Go Deeper; integration is ready, but freeze fresh independently validated source/question clusters before any academic confirmation or selection",research/05_evaluation/academic-factual-qa-end-to-end-pilot-002-results.md,research/05_evaluation/records/academic-factual-qa-end-to-end-pilot-002.json
academic-factual-qa-confirmation-002-build,Retrieval and factual grounding,Text retrieval and factual answers,trial-b0f1f30c7a84,20,55,S-20,2026-08-25,"Build complete: exact lineage and modality bindings, zero normalized duplicates or source overlap, blinded 240-item packet, bounded three-family review runner, and complete network-free simulations","Go Deeper to one separately bound and authorized blinded panel; no semantic, product, professor-fidelity, or release claim",research/05_evaluation/academic-factual-qa-confirmation-002-build-results.md,research/05_evaluation/records/academic-factual-qa-confirmation-002-build.json
academic-factual-qa-confirmation-002-reviewer-binding-build,Retrieval and factual grounding,Text retrieval and factual answers,trial-d75d8bf46625,25,60,S-25,2026-08-26,"Build complete: 24-hour metadata snapshot, exact routing, separately authorized calibration-first execution, 120-call/zero-retry/USD 3 bounds, atomic resume, and full network-free simulation",Go Deeper to one separately authorized calibration; no semantic or product claim,research/05_evaluation/academic-factual-qa-confirmation-002-reviewer-binding-build-results.md,research/05_evaluation/records/academic-factual-qa-confirmation-002-reviewer-binding-build.json
academic-factual-qa-confirmation-002-calibration-attempt-001-invalid,Retrieval and factual grounding,Text retrieval and factual answers,trial-644cceed6676,21,56,S-21,2026-08-26,"Invalid after the first Mistral batch: Codex passed 40/40 and all four gates at 1.00; one failed provider call, zero retries, zero DeepSeek calls, no confirmation access, and incomplete provider error/usage/cost evidence",Refine the execution harness; preserve attempt 001 and require separate authority for one corrective calibration,research/05_evaluation/academic-factual-qa-confirmation-002-calibration-attempt-001-invalid-results.md,research/05_evaluation/records/academic-factual-qa-confirmation-002-calibration-attempt-001-invalid.json
academic-factual-qa-professor-checkpoint-001-build,Multimodal evidence,Visual retrieval and source-region grounding,trial-a8e00be565f0,62,97,S-62,2026-08-26,"Build complete: gold-leakage firewall, question-independent visual descriptions, original-region lineage, exact provider bindings, atomic resume/accounting, and all failure simulations passed","Go Deeper through five separately authorized checkpoints; no quality, profile, fidelity, deployment, or release claim",research/05_evaluation/academic-factual-qa-professor-checkpoint-001-build-results.md,research/05_evaluation/records/academic-factual-qa-professor-checkpoint-001-build.json
academic-factual-qa-confirmation-002-calibration-attempt-002-invalid,Retrieval and factual grounding,Text retrieval and factual answers,trial-8c5d92591b8f,21,56,S-21,2026-08-26,"Invalid after the first Mistral batch returned HTTP 400: one failed provider call, zero retries, zero accepted provider votes, zero DeepSeek calls, no confirmation access; hardened diagnostics preserved the sanitized failure and explicit unavailable usage/cost state",Redesign the reviewer method; revoke authority and do not retry Mistral or infer factual-QA/product quality,research/05_evaluation/academic-factual-qa-confirmation-002-calibration-attempt-002-invalid-results.md,research/05_evaluation/records/academic-factual-qa-confirmation-002-calibration-attempt-002-invalid.json
academic-factual-qa-confirmation-002-calibration-attempt-003-build,Retrieval and factual grounding,Text retrieval and factual answers,trial-c27453a34c4f,22,57,S-22,2026-08-26,"Build ready: Gemini-compatible schema with deterministic post-validation, exact Google AI Studio routing, 20/20 simulated calls with two canaries first, three simulated passing calibrations, and zero live metadata drift","Go Deeper to one bounded calibration; no reviewer-quality, confirmation, product, visual, private-data, or scale claim",research/05_evaluation/academic-factual-qa-confirmation-002-calibration-attempt-003-build-results.md,research/05_evaluation/records/academic-factual-qa-confirmation-002-calibration-attempt-003-build.json
academic-factual-qa-confirmation-002-calibration-attempt-003-invalid,Retrieval and factual grounding,Text retrieval and factual answers,trial-26a81f4c20e0,22,57,S-22,2026-08-26,"Invalid after canaries: Gemini completed four votes with exact Google AI Studio identity and USD 0.00780825 reported cost; direct DeepSeek returned empty content; two calls, zero retries, zero bulk calls, and no confirmation access",Refine reviewer transport; revoke authority and make one explicit successor decision without interpreting reviewer or product quality,research/05_evaluation/academic-factual-qa-confirmation-002-calibration-attempt-003-invalid-results.md,research/05_evaluation/records/academic-factual-qa-confirmation-002-calibration-attempt-003-invalid.json
academic-factual-qa-confirmation-002-calibration-attempt-004-build,Retrieval and factual grounding,Text retrieval and factual answers,trial-997011f8feb4,23,58,S-23,2026-08-26,"Build ready: ten fresh Gemini batches, two-reviewer aggregation, transport-only retries bounded to two, all pass/failure simulations, and zero live metadata drift",Go Deeper to one separately authorized calibration; stop after any outcome and do not search for another reviewer,research/05_evaluation/academic-factual-qa-confirmation-002-calibration-attempt-004-build-results.md,research/05_evaluation/records/academic-factual-qa-confirmation-002-calibration-attempt-004-build.json
academic-factual-qa-confirmation-002-calibration-attempt-004-invalid,Retrieval and factual grounding,Text retrieval and factual answers,trial-0be6c95449af,24,59,S-24,2026-08-26,"Invalid: the first Gemini batch and its sole permitted retry returned HTTP 429; 2 attempted calls, 0 provider completions, 0 Gemini votes, 0 later batches, and no confirmation access","Refine; revoke authority, do not rerun or search another reviewer, and make a supervisor-facing research-method decision",research/05_evaluation/academic-factual-qa-confirmation-002-calibration-attempt-004-invalid-results.md,research/05_evaluation/records/academic-factual-qa-confirmation-002-calibration-attempt-004-invalid.json
academic-factual-qa-confirmation-002-calibration-attempt-005-build,Retrieval and factual grounding,Text retrieval and factual answers,trial-33d178fe39d8,24,59,S-24,2026-08-26,"Four-route Google Vertex/AI Studio allowlist, model-stable fallback accounting, 40/40 simulated Gemini votes, four healthy live routes, zero metadata drift, and zero inference calls",Go Deeper to one separately authorized attempt-005 calibration; keep the sealed 200 cases and all later stages closed,research/05_evaluation/academic-factual-qa-confirmation-002-calibration-attempt-005-build-results.md,research/05_evaluation/records/academic-factual-qa-confirmation-002-calibration-attempt-005-build.json
academic-factual-qa-confirmation-002-calibration-attempt-005-invalid,Retrieval and factual grounding,Text retrieval and factual answers,trial-92646c040a2c,25,60,S-25,2026-08-26,"Invalid after 3 Google Vertex priority calls: 8 Gemini votes accepted, then one four-case response failed the deterministic boundary invariant; 10,393 input / 5,220 output tokens and USD 0.024632775 reported cost","Refine; revoke authority, preserve the semantic failure, and keep the sealed 200 cases and all later stages closed",research/05_evaluation/academic-factual-qa-confirmation-002-calibration-attempt-005-invalid-results.md,research/05_evaluation/records/academic-factual-qa-confirmation-002-calibration-attempt-005-invalid.json
academic-factual-qa-open-10000-development-construction-attempt-001-invalid,Retrieval and factual grounding,Text retrieval and factual answers,trial-983b3ff14b9c,26,61,S-26,2026-08-27,"Invalid on the first DeepSeek canary: requested model matched but runtime fingerprint drifted; 1 failed canary, 0 accepted responses, 0 bulk calls, 0 generated cases, usage/cost unavailable","Refine provider identity binding prospectively; revoke authority and keep the sealed 10,000 cases closed",research/05_evaluation/academic-factual-qa-open-10000-development-construction-attempt-001-invalid-results.md,research/05_evaluation/records/academic-factual-qa-open-10000-development-construction-attempt-001-invalid.json
academic-factual-qa-open-10000-development-construction-attempt-002-invalid,Retrieval and factual grounding,Text retrieval and factual answers,trial-b4c5585002e8,27,62,S-27,2026-08-27,"Both provider canaries passed; the first bulk DeepSeek response used `items` instead of required `questions`, so 3/3 calls were recorded but 0 clusters and 0 cases were accepted; 2,206 input / 477 output tokens; USD 0.00213626",Invalid execution; revoke authority and prospectively implement the preregistered deterministic fallback for malformed author output without accepting malformed metadata,research/05_evaluation/academic-factual-qa-open-10000-development-construction-attempt-002-invalid-results.md,research/05_evaluation/records/academic-factual-qa-open-10000-development-construction-attempt-002-invalid.json
academic-factual-qa-open-10000-development-construction-attempt-003-invalid,Retrieval and factual grounding,Text retrieval and factual answers,trial-bd461f4a337e,27,62,S-27,2026-08-27,"Invalid after 16 calls: 15 completed, one Google AI Studio verifier failure, four author fallbacks, three malformed DeepSeek verifier responses, 16,787 input / 11,447 output tokens, and USD 0.04438559; no dataset package was written",Revoke authority and stop provider-transport retries pending a method-level construction decision; keep all final execution closed,research/05_evaluation/academic-factual-qa-open-10000-development-construction-attempt-003-invalid-results.md,research/05_evaluation/records/academic-factual-qa-open-10000-development-construction-attempt-003-invalid.json
academic-factual-qa-open-10000-deterministic-development-001-build,"Persistence, delivery and operations",Local deployment and service continuity,trial-72a2c2cf9b91,189,224,S-189,2026-08-27,"Build Keep: exact 400 answerable plus 100 boundary composition, complete source-range or empty-boundary lineage, zero normalized duplicates, zero answer leakage, byte-stable packages, and zero provider/final/private execution","Keep deterministic build; require a separately authorized 500-case product development run and retain the final 10,000-case lock",research/05_evaluation/academic-factual-qa-open-10000-deterministic-development-001-build-results.md,research/05_evaluation/records/academic-factual-qa-open-10000-deterministic-development-001-build.json
academic-factual-qa-open-10000-development-pre-spend-audit-001,"Persistence, delivery and operations",Local deployment and service continuity,trial-6a9ffef2fd9e,189,224,S-189,2026-08-27,"Structural gates remain clean, but 227/400 answerable cases across 68/100 clusters trigger fragment, markup, or modality-risk diagnostics; priority review confirms material reference defects",Refine reference extraction and structured-region binding before any 500-case product execution; preserve the build and final lock,research/05_evaluation/academic-factual-qa-open-10000-development-pre-spend-audit-001-results.md,
academic-factual-qa-open-10000-development-pre-spend-audit-002,"Persistence, delivery and operations",Local deployment and service continuity,trial-6eab304aaf5d,190,225,S-190,2026-08-27,"224/224 text and 176/176 structured targets pass; zero reference, leakage, duplicate, or boundary defects; 10/12 sampled questions serviceable and two require wording refinement",Keep corrected reference layer; Go Deeper to provider-neutral wording before separately authorized product execution,research/05_evaluation/academic-factual-qa-open-10000-development-pre-spend-audit-002-results.md,research/05_evaluation/records/academic-factual-qa-open-10000-development-pre-spend-audit-002.json
proactive-outreach-a1-development-001,"Persistence, delivery and operations",Local deployment and service continuity,trial-f31439c74d87,191,226,S-191,2026-08-27,"Completed Go Deeper: 12/12 P0 checks, 20/20 actions and reasons, and 10/10 current-release lineage passed; zero side effects, providers, private reads, deliveries, or cost",Advance only to a separately frozen representative shadow confirmation; keep A0 as release control and A1 disabled,research/05_evaluation/proactive-outreach-a1-development-001-results.md,research/05_evaluation/records/proactive-outreach-a1-development-001.json
proactive-outreach-a1-shadow-confirmation-002,"Persistence, delivery and operations",Local deployment and service continuity,trial-df6948de4001,191,226,S-191,2026-08-27,"Completed Refine: 59/60 actions and reasons, 23/24 supported detections, 36/36 no-actions, 12/12 integration checks, valid lineage, and zero side effects; one semantically supported paraphrase missed the raw-token gate","Refine the support method on fresh cases; retain A0, keep A1 shadow-only, and do not lower the threshold or rerun this set",research/05_evaluation/proactive-outreach-a1-shadow-confirmation-002-results.md,research/05_evaluation/records/proactive-outreach-a1-shadow-confirmation-002.json
r1-openai-only-build-001,"Persistence, delivery and operations",Local deployment and service continuity,trial-35e6f8bfdff4,192,227,S-192,2026-08-27,"Build passes: exact GPT-5.4 mini generation and GPT-5.4 advisory review, direct Responses API, one credential, `store: false`, strict identity/schema, 500/500 wording simulation, five adapter simulations, 1,077 Python tests, and 47 frontend tests","Go Deeper to one separately authorized development execution; keep the sealed 10,000 cases and every release promotion closed",research/05_evaluation/r1-openai-only-build-001-results.md,research/05_evaluation/records/r1-openai-only-build-001.json
academic-factual-qa-open-10000-development-checkpoint-003-build,Retrieval and factual grounding,Text retrieval and factual answers,trial-a6ad791feed8,29,64,S-29,2026-08-28,"Build passes: exact GPT-5.4 calibration precedes exact GPT-5.4 mini wording and T0 generation; four stage-stop simulations; hidden-label and hidden-gold separation; 660-call and USD 18 aggregate ceiling; 1,091 Python and 47 frontend tests","Go Deeper to one separately authorized combined checkpoint; keep the sealed 10,000 cases and every release promotion closed",research/05_evaluation/academic-factual-qa-open-10000-development-checkpoint-003-build-results.md,research/05_evaluation/records/academic-factual-qa-open-10000-development-checkpoint-003-build.json
academic-factual-qa-open-10000-development-checkpoint-003-attempt-001-invalid,Retrieval and factual grounding,Text retrieval and factual answers,trial-816c6ce98e7d,28,63,S-28,2026-08-28,"Invalid after one completed call because the provider schema allowed detailed defect labels that the normalized post-parser rejected; 2,147 input / 530 output tokens, 5.973 s, USD 0.0133175",Correct only the prospective schema contract under a fresh ledger; do not interpret reviewer quality or open later stages,research/05_evaluation/academic-factual-qa-open-10000-development-checkpoint-003-attempt-001-invalid-results.md,research/05_evaluation/records/academic-factual-qa-open-10000-development-checkpoint-003-attempt-001-invalid.json
academic-factual-qa-open-10000-development-checkpoint-003-attempt-002-invalid,Retrieval and factual grounding,Text retrieval and factual answers,trial-746869594d94,28,63,S-28,2026-08-28,"Invalid after one completed call: normalized defect labels were correct, but two defect-bearing records were marked semantically valid; 2,177 input / 506 output tokens, 4.869 s, USD 0.0130325","Stop checkpoint 003, revoke authority, and require an explicit reviewer-method decision; do not interpret reviewer quality or open later stages",research/05_evaluation/academic-factual-qa-open-10000-development-checkpoint-003-attempt-002-invalid-results.md,research/05_evaluation/records/academic-factual-qa-open-10000-development-checkpoint-003-attempt-002-invalid.json
academic-factual-qa-open-10000-reviewer-calibration-004-build,Retrieval and factual grounding,Text retrieval and factual answers,trial-6c7291979a87,33,68,S-33,2026-08-28,"Build passes: the provider returns only atomic judgments, overall validity is derived deterministically, three terminal simulations pass, prior votes are not imported, and paid/product/final authority remains false",Go Deeper to one separately authorized 40-control calibration; no automatic 500+100 progression,research/05_evaluation/academic-factual-qa-open-10000-reviewer-calibration-004-build-results.md,research/05_evaluation/records/academic-factual-qa-open-10000-reviewer-calibration-004-build.json
academic-factual-qa-open-10000-reviewer-calibration-004-invalid,Retrieval and factual grounding,Text retrieval and factual answers,trial-e3f56eda67b2,34,69,S-34,2026-08-28,"Invalid after three completed calls: the third response contained a clarify vote with no mandatory boundary reason; 8 accepted votes, 7,036 input / 1,443 output tokens, 15.511 s, USD 0.039235",Revoke authority and stop for a reviewer-method decision; do not infer reviewer or product quality,research/05_evaluation/academic-factual-qa-open-10000-reviewer-calibration-004-invalid-results.md,research/05_evaluation/records/academic-factual-qa-open-10000-reviewer-calibration-004-invalid.json
academic-factual-qa-open-10000-development-checkpoint-004-build,Retrieval and factual grounding,Text retrieval and factual answers,trial-d525577305f4,29,64,S-29,2026-08-28,Build passes: strict reviewer calibration removed; deterministic scoring controls Keep/Refine; exact GPT-5.4 audits all deterministic failures plus a seeded 40-case passing sample non-blockingly; five terminal simulations; 704-call/USD 23 ceiling,"Go Deeper to one separately authorized 500+100 execution; keep final 10,000, T1 promotion, fidelity, and deployment closed",research/05_evaluation/academic-factual-qa-open-10000-development-checkpoint-004-build-results.md,research/05_evaluation/records/academic-factual-qa-open-10000-development-checkpoint-004-build.json
academic-factual-qa-open-10000-development-checkpoint-004-wording-refine,Retrieval and factual grounding,Text retrieval and factual answers,trial-3990c7a94aed,30,65,S-30,2026-08-28,"452/500 accepted (90.4%) versus 95% gate; 48 canonical fallbacks; 50/50 responses; 0 duplicates, leaks, malformed responses, identity drift, retries, product calls, or final access; 61,974 input / 41,705 output tokens; USD 0.555499",Refine and stop before T0; revoke authority and require one method-level successor rather than another wording/reviewer tuning loop,research/05_evaluation/academic-factual-qa-open-10000-development-checkpoint-004-wording-refine-results.md,research/05_evaluation/records/academic-factual-qa-open-10000-development-checkpoint-004-wording-refine.json
academic-factual-qa-open-10000-development-product-checkpoint-005-build,Retrieval and factual grounding,Text retrieval and factual answers,trial-b519ef81cb19,32,67,S-32,2026-08-28,Build passes: exact mixed-wording provenance; zero new wording calls; hidden-gold process separation; five terminal simulations; deterministic decision authority; 654-call/USD 18 ceiling,"Go Deeper to one separately authorized product-only 500+100 checkpoint; keep the sealed 10,000 cases and every release promotion closed",research/05_evaluation/academic-factual-qa-open-10000-development-product-checkpoint-005-build-results.md,research/05_evaluation/records/academic-factual-qa-open-10000-development-product-checkpoint-005-build.json
academic-factual-qa-open-10000-development-product-checkpoint-005-cost-cascade-build,"Persistence, delivery and operations",Local deployment and service continuity,trial-0e7f4b2ef8a5,193,228,S-193,2026-08-28,"Build passes: exact GPT-5.4 mini product generation, exact GPT-5.4 nano routine advisory review, exact full GPT-5.4 for at most 12 truth-defect escalations; 666-call/USD 8 ceiling; 17 focused tests and five finite simulations","Go Deeper to the same one-time product checkpoint under the lower ceiling; preserve every deterministic gate and keep final 10,000 closed",research/05_evaluation/academic-factual-qa-open-10000-development-product-checkpoint-005-cost-cascade-build-results.md,research/05_evaluation/records/academic-factual-qa-open-10000-development-product-checkpoint-005-cost-cascade-build.json
academic-factual-qa-open-10000-development-product-checkpoint-005-attempt-001-invalid,Retrieval and factual grounding,Text retrieval and factual answers,trial-779dd434c98e,31,66,S-31,2026-08-28,"Invalid execution before provider I/O: the package command omitted the locked retrieval extra required by Qwen3; zero responses, calls, tokens, and cost; hidden gold remained sealed",Correct only the runtime invocation and use the single permitted fresh corrective attempt; no product-quality conclusion,research/05_evaluation/academic-factual-qa-open-10000-development-product-checkpoint-005-attempt-001-invalid-results.md,research/05_evaluation/records/academic-factual-qa-open-10000-development-product-checkpoint-005-attempt-001-invalid.json
academic-factual-qa-open-10000-development-product-checkpoint-005-attempt-002-invalid,Retrieval and factual grounding,Text retrieval and factual answers,trial-eb6ec6de4e30,31,66,S-31,2026-08-28,"Invalid execution: local Qwen3 on-demand index construction held 14.7 GB and did not reach case 1 after 2 h 15 min; zero responses, calls, tokens, and cost; hidden gold remained sealed",Stop checkpoint 005 and revoke authority; qualify immutable prebuilt/hash-bound index loading as a method-level successor before another product evaluation,research/05_evaluation/academic-factual-qa-open-10000-development-product-checkpoint-005-attempt-002-invalid-results.md,research/05_evaluation/records/academic-factual-qa-open-10000-development-product-checkpoint-005-attempt-002-invalid.json
retrieval-index-lifecycle-development-001,Retrieval and factual grounding,Text retrieval and factual answers,trial-01c2e41fc260,34,69,S-34,2026-08-28,"Completed Keep: 532.408 s build, 0.372 s load, 1,808.484 MiB build peak RSS, 12.659 MiB artifacts, 40/40 non-empty results, 40/40 identical restart rankings, zero runtime document embeddings or provider/final access","Keep the lifecycle for one separately authorized 500+100 actual-product checkpoint; final 10,000 remains closed",research/05_evaluation/retrieval-index-lifecycle-development-001-results.md,research/05_evaluation/records/retrieval-index-lifecycle-development-001.json
academic-factual-qa-open-10000-development-product-checkpoint-006-build,Retrieval and factual grounding,Text retrieval and factual answers,trial-256fa9963278,32,67,S-32,2026-08-28,"Build passes: exact index verification, zero runtime document embedding, same retrieval for both conditions, five finite simulations, and 33 focused regressions","Go Deeper to one separately authorized checkpoint-006 execution; keep sealed 10,000 and release promotion closed",research/05_evaluation/academic-factual-qa-open-10000-development-product-checkpoint-006-build-results.md,research/05_evaluation/records/academic-factual-qa-open-10000-development-product-checkpoint-006-build.json
academic-factual-qa-open-10000-development-product-checkpoint-006-attempt-001-invalid,Retrieval and factual grounding,Text retrieval and factual answers,trial-8086e6ac2a4b,35,70,S-35,2026-08-29,"Invalid before case 1: the nested preflight rejected the stale `frozen-build-only` allocation marker; zero responses, calls, tokens, cost, hidden-gold access, or final access",Correct only the allocation-state marker and use the finite plan's sole fresh harness-corrective attempt; no product-quality conclusion,research/05_evaluation/academic-factual-qa-open-10000-development-product-checkpoint-006-attempt-001-invalid-results.md,research/05_evaluation/records/academic-factual-qa-open-10000-development-product-checkpoint-006-attempt-001-invalid.json
academic-factual-qa-open-10000-development-product-checkpoint-006-attempt-002-invalid,Retrieval and factual grounding,Text retrieval and factual answers,trial-f39dfe05903d,35,70,S-35,2026-08-29,"Both conditions completed 600 responses through 540/540 successful calls at USD 1.08100275, then deterministic scoring rejected distinct public/gold IDs and split labels as unpaired; descriptive outputs were 570 abstentions and 30 refusals with no answer release","Stop checkpoint 006, revoke authority, draw no quality conclusion, and require an explicit method-level decision before any successor; 10,000 and Sunday release claims remain blocked",research/05_evaluation/academic-factual-qa-open-10000-development-product-checkpoint-006-attempt-002-invalid-results.md,research/05_evaluation/records/academic-factual-qa-open-10000-development-product-checkpoint-006-attempt-002-invalid.json
academic-factual-qa-open-10000-development-product-checkpoint-007-attempt-001-invalid,Retrieval and factual grounding,Text retrieval and factual answers,trial-757c2c790d19,36,71,S-36,2026-08-29,"Invalid before case 1: the nested product preflight compared the frozen extractive generator to its historical atomic-generator constant; zero responses, calls, tokens, cost, hidden-gold access, or final access",Bind only the nested preflight to the already-frozen generator identity and use the plan's sole harness-corrective attempt; no product-quality conclusion,research/05_evaluation/academic-factual-qa-open-10000-development-product-checkpoint-007-attempt-001-invalid-results.md,research/05_evaluation/records/academic-factual-qa-open-10000-development-product-checkpoint-007-attempt-001-invalid.json
academic-factual-qa-open-10000-development-product-checkpoint-007-attempt-002-invalid,Retrieval and factual grounding,Text retrieval and factual answers,trial-c3ddbddc01dc,36,71,S-36,2026-08-29,"Invalid reference after direct audit confirmed two ambiguous gold questions; diagnostic candidate rates were 4.5% fully grounded, 28.5% answerable action accuracy, 84% boundary accuracy, 44% evidence recall@5, and three severe unsupported releases; 594 calls, USD 1.13834545","Stop checkpoint 007, revoke authority, do not open 10,000, and require a new independently validated reference-question method rather than another correction against these cases",research/05_evaluation/academic-factual-qa-open-10000-development-product-checkpoint-007-attempt-002-invalid-results.md,research/05_evaluation/records/academic-factual-qa-open-10000-development-product-checkpoint-007-attempt-002-invalid.json
academic-factual-qa-open-10000-reference-question-validation-001-build,Retrieval and factual grounding,Text retrieval and factual answers,trial-e69923510a54,38,73,S-38,2026-08-29,"Build passes: six focused regressions, complete network-free selection, source disjointness, deterministic truth authority, exact quotas, and closed paid/product/final execution",Go Deeper to one separately authorized 80-call reference-validation run; a pass may prepare but cannot authorize a fresh 500+100 product confirmation,research/05_evaluation/academic-factual-qa-open-10000-reference-question-validation-001-build-results.md,research/05_evaluation/records/academic-factual-qa-open-10000-reference-question-validation-001-build.json
academic-factual-qa-open-10000-reference-question-validation-001-invalid,Retrieval and factual grounding,Text retrieval and factual answers,trial-a2619bda144c,38,73,S-38,2026-08-29,"Invalid execution: seven provider calls completed, then one author question passed provider schema but failed the stricter local terminal-question-mark invariant; 17,042 input and 7,807 output tokens, USD 0.110227, zero retries",Revoke authority and draw no question-quality conclusion; permit only a new prospective schema-aligned attempt under separate authorization,research/05_evaluation/academic-factual-qa-open-10000-reference-question-validation-001-invalid-results.md,research/05_evaluation/records/academic-factual-qa-open-10000-reference-question-validation-001-invalid.json
academic-factual-qa-open-10000-reference-question-validation-002-build,Retrieval and factual grounding,Text retrieval and factual answers,trial-386af4390871,39,74,S-39,2026-08-29,Build passes: provider schema and local validation both require terminal `?`; eight focused regressions and exact network-free 100-cluster/500-case selection pass,"Go Deeper to one separately authorized attempt-002 run; product and sealed 10,000 execution remain closed",research/05_evaluation/academic-factual-qa-open-10000-reference-question-validation-002-build-results.md,research/05_evaluation/records/academic-factual-qa-open-10000-reference-question-validation-002-build.json
academic-factual-qa-open-10000-reference-question-validation-002-invalid,Retrieval and factual grounding,Text retrieval and factual answers,trial-a872021f1038,40,75,S-40,2026-08-29,"Invalid execution: 37 calls completed, then all 20 expected author IDs were returned exactly once but in a different order from the frozen request; 93,609 input and 44,527 output tokens, USD 0.65079725, zero retries","Revoke authority, draw no question-quality conclusion, and stop the finite correction track without an automatic third attempt",research/05_evaluation/academic-factual-qa-open-10000-reference-question-validation-002-invalid-results.md,research/05_evaluation/records/academic-factual-qa-open-10000-reference-question-validation-002-invalid.json
academic-factual-qa-r1-model-cascade-001-attempt-001-invalid,Retrieval and factual grounding,Text retrieval and factual answers,trial-69ed3c047a2c,40,75,S-40,2026-08-29,"Invalid before case 1: empty retrieval-index directories were misreported as materialized; zero provider calls, responses, tokens, cost, or gold access",Preserve the stop and apply one harness-only index-readiness correction under attempt 002,research/05_evaluation/academic-factual-qa-r1-model-cascade-001-attempt-001-invalid-results.md,research/05_evaluation/records/academic-factual-qa-r1-model-cascade-001-attempt-001-invalid.json
academic-factual-qa-r1-model-cascade-001-attempt-002-refine,Retrieval and factual grounding,Text retrieval and factual answers,trial-48cb5e95a0d3,41,76,S-41,2026-08-29,"Valid Refine: all 724 calls completed, but no model passed; grounded success 15.0–18.1%, shared all-evidence@3 57.5%, Recall@5 66.6%, and 1–3 severe unsupported releases per model; USD 3.13628185","Select no model, retain deterministic fallback with no LLM-quality claim, revoke authority, and stop before 500/control/advisory/final stages",research/05_evaluation/academic-factual-qa-r1-model-cascade-001-attempt-002-refine-results.md,research/05_evaluation/records/academic-factual-qa-r1-model-cascade-001-attempt-002-refine.json
local-r1-release-qualification-001,"Persistence, delivery and operations",Local deployment and service continuity,trial-6e226a73ffbf,193,228,S-193,2026-08-29,"Completed Keep: 24/24 live journey, 6/6 restart, 6/6 clean restore, 3/3 T0 rollback, 3/3 restored T1, 7.017 ms live API p95, and complete repository gate",Keep exact local revision for Sunday; close local learning-gap and A0 scopes; retain hosted production and academic/fidelity work separately,research/05_evaluation/local-r1-release-qualification-001-results.md,research/05_evaluation/records/local-r1-release-qualification-001.json
academic-factual-qa-api-retrieval-selection-001-build,"Persistence, delivery and operations",Local deployment and service continuity,trial-de63b5375b6e,195,230,S-195,2026-08-30,"Build passes: streamed memory-bounded materialization, exact identity and dimensions, immutable resume/corruption checks, gold isolation, three terminal simulations, 1,295 repository tests, 717/717 audit, and 105/105 freeze coverage","Go Deeper to one separately authorized retrieval comparison; keep active R1, 500+100 product, and sealed 10,000+1,000 execution unchanged and closed",research/05_evaluation/academic-factual-qa-api-retrieval-selection-001-build-results.md,research/05_evaluation/records/academic-factual-qa-api-retrieval-selection-001-build.json
academic-factual-qa-api-retrieval-selection-001,"Persistence, delivery and operations",Local deployment and service continuity,trial-d9c1c5ec258e,194,229,S-194,2026-08-30,"Completed Refine: best M4 reached 38.7% complete evidence@3 and 44.7% Recall@5; boundary accuracy 96.9% with one severe release; M6 failed semantic output; 83 calls, zero retries, USD 0.0593379","Select no method, revoke authority, keep local R1 and 500+100/10,000+1,000 closed, and require one joint source-registration/structured-content/reference-question method redesign on a fresh confirmation tranche",research/05_evaluation/academic-factual-qa-api-retrieval-selection-001-results.md,research/05_evaluation/records/academic-factual-qa-api-retrieval-selection-001.json
academic-factual-qa-source-aligned-wording-001-invalid,Retrieval and factual grounding,Text retrieval and factual answers,trial-4d0d8cd8ea70,44,79,S-44,2026-08-30,"Invalid execution after 44 completed calls: GPT-5.4 nano batch 23 returned a non-completed response; 117,184 input and 76,006 output tokens; USD 0.73804025","Preserve the stop and use the program's single operational correction, changing only output-token reservation under attempt 002",research/05_evaluation/academic-factual-qa-source-aligned-wording-001-invalid-results.md,research/05_evaluation/records/academic-factual-qa-source-aligned-wording-001-invalid.json
academic-factual-qa-source-aligned-wording-002,Retrieval and factual grounding,Text retrieval and factual answers,trial-3566c37a31e3,45,80,S-45,2026-08-30,"Completed Go Deeper: 148 reviewed model variants, 352 explicit context-complete fallbacks, zero duplicates or truth mutations; 50/50 calls, USD 0.8352885",Keep the public package and advance automatically to fresh multi-method retrieval confirmation,research/05_evaluation/academic-factual-qa-source-aligned-wording-002-results.md,research/05_evaluation/records/academic-factual-qa-source-aligned-wording-002.json
academic-factual-qa-source-aligned-retrieval-confirmation-001,Retrieval and factual grounding,Text retrieval and factual answers,trial-79092a456394,43,78,S-43,2026-08-30,"Completed Refine: best M2/M3 complete evidence@3 89.75% versus 90%; Recall@5 99.25%; boundary 99%; zero severe/course/version violations; 32 calls, USD 0.00717285","Select no method and stop before 500+100/10,000+1,000; permit one deterministic coverage-selection successor only on fresh source-disjoint data",research/05_evaluation/academic-factual-qa-source-aligned-retrieval-confirmation-001-results.md,research/05_evaluation/records/academic-factual-qa-source-aligned-retrieval-confirmation-001.json
academic-factual-qa-source-aligned-retrieval-confirmation-001-analysis-correction-001,Evaluation instruments and evidence governance,Measurement correction and semantic review,trial-12f8abd03bfb,258,293,S-258,2026-08-30,Refine correction: 28 parent-region and 9 answer-bearing-child false negatives; four genuine top-three misses; post-hoc supporting-evidence diagnostic 99.00%,Preserve original frozen-rubric Refine; select nothing post hoc; build one atomic-evidence M2 successor on fresh source-disjoint data,research/05_evaluation/academic-factual-qa-source-aligned-retrieval-confirmation-001-analysis-correction-001-results.md,research/05_evaluation/records/academic-factual-qa-source-aligned-retrieval-confirmation-001-analysis-correction-001.json
academic-factual-qa-atomic-m2-confirmation-001,Retrieval and factual grounding,Text retrieval and factual answers,trial-8441cd6da9be,42,77,S-42,2026-08-30,"Completed Keep: M2 96.25% complete evidence@3, 97.25% Recall@5, 100% boundary accuracy, 23.23 ms p95; 15 calls, USD 0.00057628; all gates passed","Keep unchanged M2 over atomic evidence; reject the more complex selector; advance once to 500+100 actual-product development while final 10,000 remains closed",research/05_evaluation/academic-factual-qa-atomic-m2-confirmation-001-results.md,research/05_evaluation/records/academic-factual-qa-atomic-m2-confirmation-001.json
academic-factual-qa-atomic-m2-product-checkpoint-001,Retrieval and factual grounding,Text retrieval and factual answers,trial-3a35eb000a88,42,77,S-42,2026-08-30,"Completed Refine: 44.25% fully grounded factual success, 71.5% answerable action, 89% boundary action, five severe ambiguity releases; retrieval retained 96.25% complete evidence@3 and 97.25% Recall@5",Stop factual scaling; revoke program authority; redesign the action boundary and question-focused generation on a fresh tranche rather than rerunning these cases,research/05_evaluation/academic-factual-qa-atomic-m2-product-checkpoint-001-results.md,research/05_evaluation/records/academic-factual-qa-atomic-m2-product-checkpoint-001.json
course-digital-twin-nonhuman-visual-001-invalid,Multimodal evidence,Visual retrieval and source-region grounding,trial-753f97cbd308,63,98,S-63,2026-08-30,"Invalid before inference: OpenAI rejected unsupported `uniqueItems`; zero completed responses, tokens, or cost",Preserve the invalid attempt and permit one schema-only correction; draw no visual-quality conclusion,research/05_evaluation/course-digital-twin-nonhuman-visual-001-invalid-results.md,research/05_evaluation/records/course-digital-twin-nonhuman-visual-001-invalid.json
course-digital-twin-nonhuman-visual-002-invalid,Multimodal evidence,Visual retrieval and source-region grounding,trial-11f5dd7b4911,63,98,S-63,2026-08-30,"Invalid before scoring: all calls completed, but three assets violated the frozen semantic-list uniqueness contract; USD 0.0259673",Stop visual branch with no quality conclusion and no third attempt; continue independent text/OCR and profile tracks,research/05_evaluation/course-digital-twin-nonhuman-visual-002-invalid-results.md,research/05_evaluation/records/course-digital-twin-nonhuman-visual-002-invalid.json
course-digital-twin-synthetic-profile-c0-c2-002,Evaluation instruments and evidence governance,Benchmark construction and evaluation process,trial-abb8db960adb,237,272,S-237,2026-08-30,"Completed Refine: C2 changed 12/12 paired responses and had zero unsupported releases, but action 66.7%, boundary 33.3%, fact recall 38.3%, and profile contract 91.7% failed",Select no profile method; keep C3 and professor-fidelity claims closed pending actual-product pass and real professor approval,research/05_evaluation/course-digital-twin-synthetic-profile-c0-c2-002-results.md,research/05_evaluation/records/course-digital-twin-synthetic-profile-c0-c2-002.json
academic-factual-qa-action-router-product-checkpoint-001-attempt-001-invalid,Autonomous orchestration,Bounded autonomous tutoring,trial-f42ef3810b5e,131,166,S-131,2026-08-30,"Invalid before provider I/O: batch size 128 exceeded the client maximum 64; zero outputs, calls, tokens, cost, hidden-gold access, or final access",Preserve attempt 001 and use the single harness-only correction by setting batch size 64; no method or quality interpretation,research/05_evaluation/academic-factual-qa-action-router-product-checkpoint-001-attempt-001-invalid-results.md,research/05_evaluation/records/academic-factual-qa-action-router-product-checkpoint-001-attempt-001-invalid.json
academic-factual-qa-action-router-product-checkpoint-001-attempt-002-invalid,Autonomous orchestration,Bounded autonomous tutoring,trial-5fb24d5187ea,132,167,S-132,2026-08-30,"Terminal invalid: 15 embeddings completed for USD 0.00057488, then missing `binding_id` stopped candidate execution before case 1; zero product/control responses or gold access","Revoke authority, make no quality interpretation, and require an explicit new harness/method decision; no further correction or retry",research/05_evaluation/academic-factual-qa-action-router-product-checkpoint-001-attempt-002-invalid-results.md,research/05_evaluation/records/academic-factual-qa-action-router-product-checkpoint-001-attempt-002-invalid.json
course-digital-twin-evaluation-program-002-invalid,"Persistence, delivery and operations",Local deployment and service continuity,trial-8c87895ab32d,196,231,S-196,2026-08-30,Invalid after 44 embedding batches and USD 0.00755274: cached-query token limit did not match the persisted index binding; zero product/final/gold calls,"Preserve reusable index artifacts, correct only the exact binding, and draw no quality conclusion",research/05_evaluation/course-digital-twin-evaluation-program-002-invalid-results.md,research/05_evaluation/records/course-digital-twin-evaluation-program-002-invalid.json
course-digital-twin-evaluation-program-003-invalid,"Persistence, delivery and operations",Local deployment and service continuity,trial-639d82a64bcd,196,231,S-196,2026-08-30,"Invalid: eight embedding batches plus one non-completed nano response, USD 0.00016134; no scored, product, final, or gold case",Exclude the unstable optional reranker prospectively and retain unchanged deterministic comparisons,research/05_evaluation/course-digital-twin-evaluation-program-003-invalid-results.md,research/05_evaluation/records/course-digital-twin-evaluation-program-003-invalid.json
course-digital-twin-evaluation-program-004,Retrieval and factual grounding,Text retrieval and factual answers,trial-9da3dfefc0bd,46,81,S-46,2026-08-30,"Invalid factual execution: 0/456 gold references exactly matched the runtime corpus and 63 were not contained; retrieval percentages are non-interpretable. Independent visual remained Go Deeper at 17/30 complete@3 and 76.13% Recall@5; 74 calls/batches, USD 0.05216944","Preserve invalid evidence, add a mandatory pre-ranking matchability gate, and use one exactly matchable action-router/atomic successor; draw no factual-quality conclusion",research/05_evaluation/course-digital-twin-evaluation-program-004-results.md,research/05_evaluation/records/course-digital-twin-evaluation-program-004.json
course-digital-twin-evaluation-program-005,Evaluation instruments and evidence governance,Benchmark construction and evaluation process,trial-34c92bf2e40d,238,273,S-238,2026-08-31,"Valid Refine: retrieval passed at 95.0% all-evidence@3 and 97.5% Recall@5, but T0 reached 51.75% fully grounded success, 70.5% answerable action accuracy, 75.0% boundary accuracy, and nine severe releases; 649 calls/batches, USD 0.85525693","Preserve the valid failure; apply one code-owned-action and exact-span method successor; keep sealed 10,000+1,000 unopened unless development passes",research/05_evaluation/course-digital-twin-evaluation-program-005-results.md,research/05_evaluation/records/course-digital-twin-evaluation-program-005.json
course-digital-twin-evaluation-program-006,Evaluation instruments and evidence governance,Benchmark construction and evaluation process,trial-0024aaaba23e,239,274,S-239,2026-08-31,"Invalid execution: 600/600 responses persisted, but three control provider failures were misclassified as whole-run corruption and the automatic resume changed its provider-budget binding; hidden gold and final 10,000+1,000 remained unopened; 512 calls/batches, USD 1.51091188",Preserve invalid evidence; program 007 is the one harness-only successor with per-case failure scoring and immutable resume ceilings,research/05_evaluation/course-digital-twin-evaluation-program-006-invalid-results.md,research/05_evaluation/records/course-digital-twin-evaluation-program-006-invalid.json
academic-factual-qa-open-10000-reference-question-validation-003,Retrieval and factual grounding,Text retrieval and factual answers,trial-4917e753beb0,47,82,S-47,2026-08-31,"Completed Refine: 448/800 individual questions passed, but only 8/160 complete clusters and 40/500 selected cases survived; seven duplicate groups; 80 calls, USD 1.4173615",Revoke attempt 003; use one finite three-candidate answerable successor with deterministic boundary templates; keep product and final stages closed,research/05_evaluation/academic-factual-qa-open-10000-reference-question-validation-003-results.md,research/05_evaluation/records/academic-factual-qa-open-10000-reference-question-validation-003.json
academic-factual-qa-open-10000-reference-question-validation-004-invalid,Retrieval and factual grounding,Text retrieval and factual answers,trial-cc002f1d7ad7,48,83,S-48,2026-08-31,"Invalid execution: duplicate candidate wording triggered an overly strict local parser termination after 7/80 calls, 23,040 input tokens, 17,375 output tokens, and USD 0.2426915",Preserve the ledger; attempt 005 changes only duplicate-candidate accounting from whole-run invalidity to deterministic per-candidate rejection,research/05_evaluation/academic-factual-qa-open-10000-reference-question-validation-004-invalid-results.md,research/05_evaluation/records/academic-factual-qa-open-10000-reference-question-validation-004-invalid.json
academic-factual-qa-open-10000-reference-question-validation-005-invalid,Retrieval and factual grounding,Text retrieval and factual answers,trial-23293dec8996,48,83,S-48,2026-08-31,"Invalid execution: author batch 17 returned a non-completed OpenAI response; completed calls reported 116,096 input tokens, 86,645 output tokens, and USD 1.291204",Preserve the ledger; attempt 006 uses smaller batches and quarantines isolated non-identity failures while keeping affected clusters ineligible,research/05_evaluation/academic-factual-qa-open-10000-reference-question-validation-005-invalid-results.md,research/05_evaluation/records/academic-factual-qa-open-10000-reference-question-validation-005-invalid.json
governed-full-autonomy-v2-1-provider-integration-001,"Persistence, delivery and operations",Local deployment and service continuity,trial-771ebaf00206,198,233,S-198,2026-08-31,"Completed Go Deeper: 12/12 aggregate gates, one delivered in-app message, exact model identities, restart consistency, zero duplicate job, five calls, USD 0.0017055",Keep V2.1 unselected; advance to #157 with prospective token/latency accounting and representative full-autonomy cases,research/05_evaluation/governed-full-autonomy-v2-1-provider-integration-001-results.md,research/05_evaluation/records/governed-full-autonomy-v2-1-provider-integration-001.json
governed-full-autonomy-v2-1-evaluation-harness-001,"Persistence, delivery and operations",Local deployment and service continuity,trial-f7e00e20789d,198,233,S-198,2026-08-31,"Completed Go Deeper: 820/820 reference-driver cases passed deterministic scorer/integrity gates; complete per-call accounting contract; zero provider calls, tokens, or cost",Use this harness for #157 actual-product comparison; do not treat reference-driver rates as product evidence or promote V2.1,research/05_evaluation/governed-full-autonomy-v2-1-evaluation-harness-001-results.md,research/05_evaluation/records/governed-full-autonomy-v2-1-evaluation-harness-001.json
academic-factual-qa-grounding-selection-002-build,Retrieval and factual grounding,Text retrieval and factual answers,trial-d5ab95d80ac7,51,86,S-51,2026-09-01,"Completed Go Deeper build: typed run binding, exact case-ID joins, two canaries, public/gold isolation, atomic resume, and five terminal simulations pass; zero provider calls","Refresh provider metadata, freeze, and execute once under a fresh program authorization; a valid Refine stops #157 and only Keep opens the autonomy portfolio",research/05_evaluation/academic-factual-qa-grounding-selection-002-build-results.md,research/05_evaluation/records/academic-factual-qa-grounding-selection-002-build.json
academic-factual-qa-grounding-selection-002-build-analysis-correction-001,Evaluation instruments and evidence governance,Measurement correction and semantic review,trial-35394993af8d,258,293,S-258,2026-09-01,"Go Deeper integration correction: explicit `v2-action-router` adapter identity, pre-provider manifest validation, 10 focused tests, Python 1,443, frontend 50, audit 827/827, freeze 121/121; zero calls/cost",Preserve terminal attempts; create a separately versioned #153 quality successor rather than attempt 003,research/05_evaluation/academic-factual-qa-grounding-selection-002-build-analysis-correction-001-results.md,research/05_evaluation/records/academic-factual-qa-grounding-selection-002-build-analysis-correction-001.json
governed-full-autonomy-v2-1-actual-product-evaluation-002-build,"Persistence, delivery and operations",Local deployment and service continuity,trial-8193d333d605,201,236,S-201,2026-09-01,"Completed Go Deeper build: all 820 cases passed action, termination, transition, safe-fallback, restart, scope, citation, consent, duplicate, loop, and authority gates through real services; zero provider calls/cost",Keep the virtual-time actual-product boundary as #157 infrastructure; do not promote V2.1; execute provider-backed only after #153 Keep and fresh authority,research/05_evaluation/governed-full-autonomy-v2-1-actual-product-evaluation-002-build-results.md,research/05_evaluation/records/governed-full-autonomy-v2-1-actual-product-evaluation-002-build.json
course-digital-twin-autonomous-long-run-001-build,"Persistence, delivery and operations",Local deployment and service continuity,trial-be9e9f72e7e5,201,236,S-201,2026-09-01,"Completed Go Deeper build: four-stage transition, exact freeze scope, SQLite resume ledger, known-final preservation, and network-free simulation pass; zero provider calls",Execute once from a clean revision; publish Keep/Refine even when grounding stops the dependent autonomy branch; request no additional stage authorization,research/05_evaluation/course-digital-twin-autonomous-long-run-001-build-results.md,research/05_evaluation/records/course-digital-twin-autonomous-long-run-001-build.json
course-digital-twin-autonomous-long-run-001-attempt-001-invalid,"Persistence, delivery and operations",Local deployment and service continuity,trial-a841c35f4ff6,199,234,S-199,2026-09-01,"Invalid execution: direct OpenAI transport lacked its first-party declaration; local regression also named two moved tests; zero provider calls, tokens, cost, responses, or hidden-gold access","Preserve attempt 001; use the sole harness-only correction for those fields under attempt 002; change no method, case, gold, prompt, model, or gate",research/05_evaluation/course-digital-twin-autonomous-long-run-001-attempt-001-invalid-results.md,research/05_evaluation/records/course-digital-twin-autonomous-long-run-001-attempt-001-invalid.json
course-digital-twin-autonomous-long-run-001-attempt-002-invalid,"Persistence, delivery and operations",Local deployment and service continuity,trial-5bc1b3b61ea3,200,235,S-200,2026-09-01,Final invalid execution: adapter/system-manifest versions differed before provider I/O; 0 calls/tokens/cost/responses; hidden gold closed; local release regression 45/45,Revoke all program authority and stop; publish no new quality claim; retain Program 011 as valid Refine evidence and keep #153/#157 blocked,research/05_evaluation/course-digital-twin-autonomous-long-run-001-attempt-002-invalid-results.md,research/05_evaluation/records/course-digital-twin-autonomous-long-run-001-attempt-002-invalid.json
academic-factual-qa-ambiguity-safe-successor-001-build,Retrieval and factual grounding,Text retrieval and factual answers,trial-c4c0bcb2a16f,51,86,S-51,2026-09-01,"Completed Go Deeper build: controls 6/6, known ambiguity clarification 16/16, fresh answerable uniqueness 400/400, references 474/474, zero duplicates/calls/cost",Run one separately authorized network-free v1-versus-v2 comparison; select nothing before its valid result,research/05_evaluation/academic-factual-qa-ambiguity-safe-successor-001-build-results.md,research/05_evaluation/records/academic-factual-qa-ambiguity-safe-successor-001-build.json
academic-factual-qa-ambiguity-safe-comparison-001-invalid,Retrieval and factual grounding,Text retrieval and factual answers,trial-4a6899e3ed6d,50,85,S-50,2026-09-01,"Invalid execution: 1,000/1,000 responses persisted, then aggregate decision assembly used the wrong metric namespace; zero provider calls/tokens/cost","Preserve attempt 001, revoke its authority, and permit one harness-only attempt 002 with unchanged method, cases, gold, and gates",research/05_evaluation/academic-factual-qa-ambiguity-safe-comparison-001-invalid-results.md,research/05_evaluation/records/academic-factual-qa-ambiguity-safe-comparison-001-invalid.json
academic-factual-qa-ambiguity-safe-comparison-002,Retrieval and factual grounding,Text retrieval and factual answers,trial-248d5e20eb8d,50,85,S-50,2026-09-01,"Completed Keep: V1 and V2 each reached 97.75% fully grounded success, 95.5% lower source-family bound, 100% action/citation/retrieval, 98.25% claim precision/recall, and zero severe releases; V2 also passed 6/6 planted controls and 16/16 known ambiguity regressions",Select ambiguity-safe source-semantic evidence atoms V2 for the next provider-backed confirmation; retain V1 rollback and make no release claim,research/05_evaluation/academic-factual-qa-ambiguity-safe-comparison-002-results.md,research/05_evaluation/records/academic-factual-qa-ambiguity-safe-comparison-002.json
governed-full-autonomy-v2-1-actual-product-evaluation-003-invalid,"Persistence, delivery and operations",Local deployment and service continuity,trial-548d9b554c72,202,237,S-202,2026-09-01,"Invalid execution: GPT-5.4 mini completed, but Terra was rejected before inference because the strict schema omitted defaulted fields from required; 9 ledger calls, USD 0.0047115","Preserve 003, revoke it, and use the one schema-only correction in 004 without changing cases, gold, method, models, or gates",research/05_evaluation/governed-full-autonomy-v2-1-actual-product-evaluation-003-invalid-results.md,research/05_evaluation/records/governed-full-autonomy-v2-1-actual-product-evaluation-003-invalid.json
governed-full-autonomy-v2-1-actual-product-evaluation-004-invalid,"Persistence, delivery and operations",Local deployment and service continuity,trial-f93568f1317e,202,237,S-202,2026-09-01,"Invalid execution: corrected schemas allowed exact Terra and GPT-5.4 mini in T1-v2, but the T0 GPT-5.4 mini response was classified malformed; 8 calls, 3,824/461 tokens, USD 0.00900625","Revoke 004 and make no quality claim; after the user identified possible connectivity loss and explicitly requested retry, freeze one unchanged attempt 005",research/05_evaluation/governed-full-autonomy-v2-1-actual-product-evaluation-004-invalid-results.md,research/05_evaluation/records/governed-full-autonomy-v2-1-actual-product-evaluation-004-invalid.json
governed-full-autonomy-v2-1-actual-product-evaluation-005-invalid,Autonomous orchestration,Bounded autonomous tutoring,trial-d08b94a62ea3,139,174,S-139,2026-09-01,"Terminal invalid execution: the same T0 GPT-5.4 mini call was malformed while the next seven Terra/mini calls succeeded; 8 calls, 3,824/457 tokens, USD 0.00895825",Revoke 005 and stop identical retries; improve bounded provider-output diagnostics before any fresh evaluation portfolio,research/05_evaluation/governed-full-autonomy-v2-1-actual-product-evaluation-005-invalid-results.md,research/05_evaluation/records/governed-full-autonomy-v2-1-actual-product-evaluation-005-invalid.json
governed-full-autonomy-v2-1-actual-product-evaluation-006-invalid,"Persistence, delivery and operations",Local deployment and service continuity,trial-464e1a353dfc,203,238,S-203,2026-09-01,"Invalid execution with root cause classified: three T0 HTTP-200 GPT-5.4 mini outputs failed local schema validation because the non-intent prompt requested the obsolete answer contract; all seven T1-v2 Terra/mini calls completed; 11 calls, USD 0.0112615","Revoke 006 and correct the demonstrated prompt/schema runtime defect once in successor 007; do not alter cases, gold, retrieval, models, or gates",research/05_evaluation/governed-full-autonomy-v2-1-actual-product-evaluation-006-invalid-results.md,research/05_evaluation/records/governed-full-autonomy-v2-1-actual-product-evaluation-006-invalid.json
governed-full-autonomy-v2-1-actual-product-evaluation-007-invalid,Autonomous orchestration,Bounded autonomous tutoring,trial-b6d94efbf03f,140,175,S-140,2026-09-01,"Invalid execution: both canaries passed, but their call pattern implied a 5,740-call conservative upper bound against the frozen 3,000-call ceiling; stopped at 170 calls and USD 0.12250275","Revoke 007; successor 008 adds pre-bulk call projection, a feasible 10,000-call safety ceiling, and bounded case concurrency without changing evaluation content or gates",research/05_evaluation/governed-full-autonomy-v2-1-actual-product-evaluation-007-invalid-results.md,research/05_evaluation/records/governed-full-autonomy-v2-1-actual-product-evaluation-007-invalid.json
governed-full-autonomy-v2-1-actual-product-evaluation-008-analysis-correction-001,Evaluation instruments and evidence governance,Measurement correction and semantic review,trial-697ff086af19,260,295,S-260,2026-09-01,"Completed Refine: every safety, scope, citation, restart, fallback, transition, termination, corrected frequency, and paired grounding gate passed, but exact proactive action-kind accuracy was 0/290 because every check-in became a diagnostic question",Do not promote T1-v2.1; add deterministic event-scoped action eligibility before model planning and confirm only on fresh cases,research/05_evaluation/governed-full-autonomy-v2-1-actual-product-evaluation-008-analysis-correction-001-results.md,research/05_evaluation/records/governed-full-autonomy-v2-1-actual-product-evaluation-008-analysis-correction-001.json
governed-full-autonomy-v2-1-actual-product-evaluation-009-network-free-development-001,Autonomous orchestration,Bounded autonomous tutoring,trial-a5d18c556242,140,175,S-140,2026-09-01,"Go Deeper: all conditions reached 100% action accuracy and every network-free safety, persistence, restart, fallback, transition, and termination gate passed",Freeze the corrected package and run one provider-backed confirmation; do not promote or deploy from development evidence,research/05_evaluation/governed-full-autonomy-v2-1-actual-product-evaluation-009-network-free-development-001-results.md,research/05_evaluation/records/governed-full-autonomy-v2-1-actual-product-evaluation-009-network-free-development-001.json
governed-full-autonomy-v2-1-cross-engine-evaluation-010-network-free-harness-001,Autonomous orchestration,Bounded autonomous tutoring,trial-bca2d02a9aa7,141,176,S-141,2026-09-01,"Keep scorer / Go Deeper product: 820/820 passed independently derived action, eligibility, authority, citation, persistence, restart, transition, termination, and safe-grounded-autonomy gates","Preserve the shared method; publish the now-complete finite runner and fresh 1,000-case package, then execute E1-E5 once under the global USD 50 stop",research/05_evaluation/governed-full-autonomy-v2-1-cross-engine-evaluation-010-network-free-harness-001-results.md,research/05_evaluation/records/governed-full-autonomy-v2-1-cross-engine-evaluation-010-network-free-harness-001.json
governed-full-autonomy-v2-1-cross-engine-evaluation-010-build-002,Autonomous orchestration,Bounded autonomous tutoring,trial-ef0728d8b7d2,141,176,S-141,2026-09-01,"Completed Go Deeper build: all six stages, atomic resume, USD 50 stop, terminal quality decisions, report generation, and a byte-stable 800-answerable/200-boundary sealed package with 963/963 exact references pass network-free validation","Publish the build, refresh official provider metadata, then freeze and execute the program once; no stage-by-stage authorization or same-set tuning",research/05_evaluation/governed-full-autonomy-v2-1-cross-engine-evaluation-010-build-002-results.md,research/05_evaluation/records/governed-full-autonomy-v2-1-cross-engine-evaluation-010-build-002.json
governed-full-autonomy-v2-1-cross-engine-evaluation-010-attempt-001-invalid,Autonomous orchestration,Bounded autonomous tutoring,trial-ee9503f7bc9d,145,180,S-145,2026-09-02,"Invalid execution: the cross-engine DeepSeek binding omitted the required privacy-safe `provider_user_id`; 1,079 completed calls, one ordinary provider failure, four local harness failures, USD 0.3407715","Preserve attempt 001; use the sole harness-only correction to add the non-identifying field, then execute one final fresh attempt with unchanged cases, method, models, gates, and USD 50 stop",research/05_evaluation/governed-full-autonomy-v2-1-cross-engine-evaluation-010-attempt-001-invalid-results.md,research/05_evaluation/records/governed-full-autonomy-v2-1-cross-engine-evaluation-010-attempt-001-invalid.json
governed-full-autonomy-v2-1-cross-engine-evaluation-010,Autonomous orchestration,Bounded autonomous tutoring,trial-6e8dbc9ca73a,144,179,S-144,2026-09-02,"Completed Refine / no release: no engine passed combined eligibility; E3 passed all autonomy gates, but every factual condition failed and shared retrieval binding caused 100/500 operational failures per engine",Revoke authority; retain T0/E0 rollback and E3 as the autonomy candidate; repair shared retrieval case binding and redesign evidence-to-answer generation only on a fresh development tranche,research/05_evaluation/governed-full-autonomy-v2-1-cross-engine-evaluation-010-results.md,research/05_evaluation/records/governed-full-autonomy-v2-1-cross-engine-evaluation-010.json
governed-full-autonomy-v2-1-grounding-successor-011,Autonomous orchestration,Bounded autonomous tutoring,trial-c4a1aee210ee,145,180,S-145,2026-09-02,"Completed Keep: 99.25% fully grounded success, 98.0% source-family lower 95% bound, 100% boundary safety, 99.25% claim/citation precision and recall, 99.75% evidence@3/recall@5, zero severe releases","Keep the ambiguity-safe semantic-atom method and deterministic evidence-set compiler; prospectively align claim validation to canonical source atoms, then confirm the exact release candidate on fresh autonomy/product cases",research/05_evaluation/governed-full-autonomy-v2-1-grounding-successor-011-results.md,research/05_evaluation/records/governed-full-autonomy-v2-1-grounding-successor-011.json
governed-full-autonomy-v2-1-actual-product-confirmation-012-invalid,Autonomous orchestration,Bounded autonomous tutoring,trial-1270a21147f2,141,176,S-141,2026-09-02,"Invalid execution: all responses were durable and hidden gold opened afterward, but a legacy case-ID prefix dependency selected zero proactive cases and caused aggregate division by zero","Preserve 012; apply one scorer-only correction to the immutable responses using the public event contract, with zero additional provider calls",research/05_evaluation/governed-full-autonomy-v2-1-actual-product-confirmation-012-invalid-results.md,research/05_evaluation/records/governed-full-autonomy-v2-1-actual-product-confirmation-012-invalid.json
successor-architecture-development-design-audit-001,"Persistence, delivery and operations",Local deployment and service continuity,trial-b0ee77fe7518,204,239,S-204,2026-09-02,"Completed Keep: SA2–SA6 fixed; shared state removed from selection, continuous hidden-outcome utility added, checkpoints separated, guarded runner registered, and result publication made exclusive/atomic; 963/963 audited, 147/147 protected entrypoints",Keep corrected design; select no architecture until the finite comparison executes,research/05_evaluation/successor-architecture-development-design-audit-001-results.md,research/05_evaluation/records/successor-architecture-development-design-audit-001.json
successor-architecture-development-fold-001-build,Autonomous orchestration,Bounded autonomous tutoring,trial-a313f1cab66c,147,182,S-147,2026-09-02,"Build-only qualified: public/gold isolation, strict case-keyed schemas, shared proposal, independent utility, checkpoint separation, 62-call/USD 2 bounds, and network-free simulation pass",Go Deeper to one separately frozen execution; no architecture/model selection,research/05_evaluation/successor-architecture-development-fold-001-build-results.md,research/05_evaluation/records/successor-architecture-development-fold-001-build.json
successor-architecture-engine-comparison-006-design-audit-001,"Persistence, delivery and operations",Local deployment and service continuity,trial-b30340a6f828,207,242,S-207,2026-09-03,"Completed Keep: SE6-1–SE6-5 fixed factorial pooling, free-form claim authority, allocation accounting, global-gate selection, and response/action revalidation; zero open findings",Keep the corrected comparison design; select no model allocation from audit evidence,research/05_evaluation/successor-architecture-engine-comparison-006-design-audit-001-results.md,research/05_evaluation/records/successor-architecture-engine-comparison-006-design-audit-001.json
successor-architecture-engine-comparison-006-001-build,Autonomous orchestration,Bounded autonomous tutoring,trial-4c6682ae1f11,163,198,S-163,2026-09-03,"Completed Go Deeper build: corrected pooled factorial estimands, deterministic grounded rendering, exact allocation accounting, 1,677 Python and 50 frontend tests, and 48/48 network-free cells pass",Freeze and execute once; select an engine allocation only for whole-system confirmation,research/05_evaluation/successor-architecture-engine-comparison-006-001-build-results.md,research/05_evaluation/records/successor-architecture-engine-comparison-006-001-build.json
successor-architecture-fold-003-causal-audit-001,"Persistence, delivery and operations",Local deployment and service continuity,trial-5cb419cae628,208,243,S-208,2026-09-03,"Completed Keep: SA8–SA10 are prospectively closed; A had the highest mean utility and lowest regret, C did not dominate A, and C+V over-rejected valid actions",Preserve Fold 003 unchanged; evaluate guarded policy-value fusion against A/B/C on fresh Fold 004 evidence,research/05_evaluation/successor-architecture-fold-003-causal-audit-001-results.md,research/05_evaluation/records/successor-architecture-fold-003-causal-audit-001.json
successor-architecture-policy-value-fold-004-001-build,Autonomous orchestration,Bounded autonomous tutoring,trial-bab171bdcee9,165,200,S-165,2026-09-03,"Completed Go Deeper: 1,669 Python and 50 frontend tests, 148/148 freeze coverage, and 971/971 repository audits pass",Freeze and execute once under a separate bounded authorization; no release selection from build evidence,research/05_evaluation/successor-architecture-policy-value-fold-004-001-build-results.md,research/05_evaluation/records/successor-architecture-policy-value-fold-004-001-build.json
successor-architecture-policy-value-fold-004-001,Autonomous orchestration,Bounded autonomous tutoring,trial-dd475a163da7,164,199,S-164,2026-09-03,"Completed Go Deeper: every hard gate passed; H improved preferred-action agreement over A by 2.67 points (paired 95% CI 0.67–5.33) and utility by 0.00203 (0.00047–0.00423); 121/121 calls, zero retries, USD 0.050874","Advance H to a fresh 1,000-case confirmation; select no release architecture yet",research/05_evaluation/successor-architecture-policy-value-fold-004-001-results.md,research/05_evaluation/records/successor-architecture-policy-value-fold-004-001.json
successor-architecture-confirmation-005-001-build,Autonomous orchestration,Bounded autonomous tutoring,trial-9581804b1aba,159,194,S-159,2026-09-03,"Completed Go Deeper build: byte-stable public/gold isolation, historical-ID disjointness, atomic resume, 801-call ceiling, zero retries, 1,672 Python/50 frontend tests, 975/975 audits, and 149/149 freeze coverage pass",Freeze and execute once; use a valid pass to select H or deterministic A for the separate cross-engine allocation comparison,research/05_evaluation/successor-architecture-confirmation-005-001-build-results.md,research/05_evaluation/records/successor-architecture-confirmation-005-001-build.json
successor-architecture-confirmation-005-001,Autonomous orchestration,Bounded autonomous tutoring,trial-4d7cdc246271,159,194,S-159,2026-09-03,"Completed Keep: every hard gate passed; H versus A utility +0.004805 (paired 95% CI 0.003065–0.006760), regret 0.00807 versus 0.01288, near-optimal 94.2% versus 91.0%; preferred-action difference −1 point remained non-inferior",Select H for a separate E1–E4 engine-allocation comparison; make no release claim yet,research/05_evaluation/successor-architecture-confirmation-005-001-results.md,research/05_evaluation/records/successor-architecture-confirmation-005-001.json
successor-architecture-engine-comparison-006-001,Autonomous orchestration,Bounded autonomous tutoring,trial-4ab158faf48e,163,198,S-163,2026-09-03,Completed Keep: E1 selected; Terra utility effect +0.000354 (95% CI 0.000000–0.001062) and Mini valid-strategy effect +0.00417 (0.00000–0.01042) did not meet positive-lower-bound rules; E2 completion 238/240,Use H+E1 for one fresh whole-system confirmation; no release selection,research/05_evaluation/successor-architecture-engine-comparison-006-001-results.md,research/05_evaluation/records/successor-architecture-engine-comparison-006-001.json
successor-architecture-engine-comparison-006-post-run-audit-001,"Persistence, delivery and operations",Local deployment and service continuity,trial-9bfe0e47e879,207,242,S-207,2026-09-03,Completed Keep with correction: `SE6-6` found all historical traces mixed wall-clock starts and virtual-clock completions; selection inputs and accounting were unaffected; shared trace contract and both graph constructors corrected,Preserve E1 component result; require corrected runtime for fresh confirmation,research/05_evaluation/successor-architecture-engine-comparison-006-post-run-audit-001-results.md,research/05_evaluation/records/successor-architecture-engine-comparison-006-post-run-audit-001.json
governed-full-autonomy-v2-1-persona-wording-bank-022-attempt-001-invalid,Autonomous orchestration,Bounded autonomous tutoring,trial-f6e609401b02,158,193,S-158,2026-09-03,"Invalid execution: the binding omitted `provider_display_name`; one request reached the provider, zero outputs were accepted, and bulk processing stopped",Revoke attempt 001; permit one harness-only attempt 002 adding the required binding field with all scientific inputs unchanged,research/05_evaluation/governed-full-autonomy-v2-1-persona-wording-bank-022-attempt-001-invalid-results.md,research/05_evaluation/records/governed-full-autonomy-v2-1-persona-wording-bank-022-attempt-001-invalid.json
governed-full-autonomy-v2-1-persona-wording-bank-022-attempt-002,Autonomous orchestration,Bounded autonomous tutoring,trial-e1b674b32b3b,158,193,S-158,2026-09-03,"Completed Go Deeper: 1,008 variants passed deterministic semantic validation; 96 remain explicit canonical fallbacks; 46/46 calls, zero retries/failures","Freeze the accepted bank and fallback map, revoke provider authority, and execute the paired network-free persona comparison once",research/05_evaluation/governed-full-autonomy-v2-1-persona-wording-bank-022-attempt-002-results.md,research/05_evaluation/records/governed-full-autonomy-v2-1-persona-wording-bank-022-attempt-002.json
governed-full-autonomy-v2-1-persona-robust-release-selection-022,Autonomous orchestration,Bounded autonomous tutoring,trial-27e5a6f8398f,157,192,S-157,2026-09-03,Completed Keep: zero hard-safety failures; T1-v2 autonomous selected; final hidden-mastery proxy +0.0498 over T0 (paired 95% CI +0.0351 to +0.0658); worst-persona 0.1839 versus 0.1461,Freeze T1-v2 autonomous for one fresh provider-backed confirmation; do not promote or release before confirmation,research/05_evaluation/governed-full-autonomy-v2-1-persona-robust-release-selection-022-results.md,research/05_evaluation/records/governed-full-autonomy-v2-1-persona-robust-release-selection-022.json
coverage-measure-hypothesis-audit-001,"Persistence, delivery and operations",Local deployment and service continuity,trial-95ad1eec107a,208,243,S-208,2026-09-04,"Completed with no change shipped: the locator-versus-content defect in `_coverage` is real, but crediting locator terms from provenance loses five correct single leaders (231 to 226) while ties grow 196 to 242, and narrowing the requirement to discriminating terms loses four (231 to 227) with no gain",Close the coverage measure as a source of gain; report the 183 refusals as a measured bound rather than as remaining work,research/05_evaluation/coverage-measure-hypothesis-audit-001-results.md,research/05_evaluation/records/coverage-measure-hypothesis-audit-001.json
tie-set-citation-hypothesis-audit-001,"Persistence, delivery and operations",Local deployment and service continuity,trial-8f0059329d36,212,247,S-212,2026-09-04,"Completed with no change shipped: the retrieval premise holds (181 of 185 answerable tied cases have gold in every tie, mean tie size 2.61) but the correction gains zero cases because `fully_grounded` requires citation precision 1.0, and 194 of 196 tied leader sets assert different claim classes",Close the grounding-selection line of work at its measured floor; state the 23 remaining non-grounding cases as remainder,research/05_evaluation/tie-set-citation-hypothesis-audit-001-results.md,research/05_evaluation/records/tie-set-citation-hypothesis-audit-001.json
true-visual-supplement-003,Multimodal evidence,Visual retrieval and source-region grounding,trial-9ca8438f7fbf,65,100,S-65,2026-09-04,"Completed Refine: 27/30 complete evidence@3, 19/30 visual-fact complete, mean fact recall 73.22%, boundary safety 30/30, original-region lineage 30/30; 30/30 calls for USD 0.0254623",Do not select a visual component; preserve text/OCR fallback and require a new representative method/dataset before any broad visual claim,research/05_evaluation/true-visual-supplement-003-results.md,research/05_evaluation/records/true-visual-supplement-003.json
true-visual-product-checkpoint-001-attempt-001-invalid,Multimodal evidence,Visual retrieval and source-region grounding,trial-dae8440a2045,68,103,S-68,2026-09-05,"Invalid execution: optional display `title` was treated as a required frozen-source field; 0 responses, 0 calls/tokens/cost, hidden gold unopened",Preserve the invalid evidence; use the one permitted harness-only correction to derive display title without changing scientific inputs,research/05_evaluation/true-visual-product-checkpoint-001-attempt-001-invalid-results.md,research/05_evaluation/records/true-visual-product-checkpoint-001-attempt-001-invalid.json
true-visual-product-checkpoint-001,Multimodal evidence,Visual retrieval and source-region grounding,trial-878b5c5315d6,67,102,S-67,2026-09-05,"Completed Refine: both conditions reached 20/30 fully grounded visual answers; candidate had 0 boundary releases but one unsupported/wrong-region citation and only 20/30 complete lineage; 8 calls, 113 tokens",Retain text/OCR fallback for Local R1.1; do not tune or rerun the same cases,research/05_evaluation/true-visual-product-checkpoint-001-results.md,research/05_evaluation/records/true-visual-product-checkpoint-001.json
professor-fidelity-proxy-c0-c3-002,Instructor configuration and teaching policy,Instructor policy and profile alignment,trial-851ff5bbd430,115,150,S-115,2026-09-05,"Invalid execution: OpenAI rejected unsupported `uniqueItems` in the Structured Outputs schema before inference; 1 failed attempt, 0 tokens/cost, no quality estimate",Preserve and stop under the finite correction rule; keep #24 open and make no professor-fidelity claim,research/05_evaluation/professor-fidelity-proxy-c0-c3-002-invalid-results.md,research/05_evaluation/records/professor-fidelity-proxy-c0-c3-002-invalid.json
local-r1-final-technical-completion-001,Multimodal evidence,Visual retrieval and source-region grounding,trial-8f28d3eea784,66,101,S-66,2026-09-05,Invalid aggregate: visual validly Refined to text/OCR fallback; synthetic profile proxy produced no quality result,Proceed only to exact Local R1.1 qualification 007 using the fallback and disclosed limitation,,research/05_evaluation/records/local-r1-final-technical-completion-001.json
local-r1-governed-v2-1-release-qualification-007-attempt-001-invalid,"Persistence, delivery and operations",Local deployment and service continuity,trial-454c493d8511,214,249,S-214,2026-09-05,"Invalid execution: the qualified environment intentionally contained no credential and the launch process did not forward the separately stored root key; 0 checks, calls, tokens, or cost",Preserve the failed-closed evidence; pass the existing credential in memory and permit one environment-only corrective attempt,research/05_evaluation/local-r1-governed-v2-1-release-qualification-007-attempt-001-invalid-results.md,research/05_evaluation/records/local-r1-governed-v2-1-release-qualification-007-attempt-001-invalid.json
local-r1-governed-v2-1-release-qualification-007,"Persistence, delivery and operations",Local deployment and service continuity,trial-d4b6521e2582,213,248,S-213,2026-09-05,"Completed Keep: 43/43 machine checks, desktop/mobile/keyboard smoke passed, 0 critical browser defects, 5.03 ms live API p95, 0 provider calls/cost","Keep the local R1.1 research demo with text/OCR fallback and T0 rollback; preserve factual-grounding, visual, and professor-fidelity limitations",research/05_evaluation/local-r1-governed-v2-1-release-qualification-007-results.md,research/05_evaluation/records/local-r1-governed-v2-1-release-qualification-007.json
final-cross-method-factual-confirmation-001,Retrieval and factual grounding,Text retrieval and factual answers,trial-eb740fc84051,54,89,S-54,2026-09-05,"Completed Refine: BM25 + dominance ranked highest at 63.25% fully grounded (source-family 95% CI 58.75–67.63), 96.0% boundary action, and zero severe releases; Qwen reached 62.0%",Retain explicit BM25 + dominance as the safest measured local fallback; make no high factual-quality claim and do not tune on this set,research/05_evaluation/final-cross-method-factual-confirmation-001-results.md,research/05_evaluation/records/final-cross-method-factual-confirmation-001.json
local-r1-governed-v2-1-release-qualification-009-attempt-001-invalid,"Persistence, delivery and operations",Local deployment and service continuity,trial-be1a7c69302c,215,250,S-215,2026-09-05,"Invalid execution: 43/43 surface checks completed, but log audit found that `RegionKind.TEXT` was absent from the T1-v2 checkpoint serializer allowlist and restoration failed closed","Preserve the invalid result; add the missing nested enum and a region-bearing interrupt/restart regression, then rerun once on fresh immutable images",research/05_evaluation/local-r1-governed-v2-1-release-qualification-009-attempt-001-invalid-results.md,research/05_evaluation/records/local-r1-governed-v2-1-release-qualification-009-attempt-001-invalid.json
local-r1-governed-v2-1-release-qualification-010,"Persistence, delivery and operations",Local deployment and service continuity,trial-7c5e39100e62,216,251,S-216,2026-09-05,"Completed Keep: 43/43 machine checks, zero checkpoint or application-log errors, no overflow or critical browser defect, 5.664 ms API p95","Keep the exact local research release candidate; retain T0 rollback and every factual, visual, profile, human-learning, usability, and hosting limitation",research/05_evaluation/local-r1-governed-v2-1-release-qualification-010-results.md,research/05_evaluation/records/local-r1-governed-v2-1-release-qualification-010.json
final-profile-operational-dialogue-development-001-contract-001,Response generation and revision,Instructional generation and repair,trial-a53205f04acd,70,105,S-70,2026-09-06,"Both complete, two restarts, six deliberate transport failures, zero actual calls",Keep instrumentation for bounded live pilot; no quality or learning claim,research/05_evaluation/final-profile-operational-dialogue-development-001-contract-001-results.md,research/05_evaluation/records/final-profile-operational-dialogue-development-001-contract-001.json
final-profile-operational-dialogue-development-001-live-001,"Persistence, delivery and operations",Local deployment and service continuity,trial-4440493227cc,221,256,S-221,2026-09-06,18/18 calls succeeded; 12 turns; two restarts; weak progression,"Refine progression; keep operational instrumentation, no learning/utility claim",research/05_evaluation/final-profile-operational-dialogue-development-001-live-001-results.md,research/05_evaluation/records/final-profile-operational-dialogue-development-001-live-001.json
final-profile-operational-dialogue-development-001-progression-live-001,"Persistence, delivery and operations",Local deployment and service continuity,trial-ccf7281a7064,222,257,S-222,2026-09-06,24 valid model calls; four restarts; two full-answer hints safely rejected,Refine continuation; no learning/fidelity qualification,research/05_evaluation/final-profile-operational-dialogue-development-001-progression-live-001-results.md,research/05_evaluation/records/final-profile-operational-dialogue-development-001-progression-live-001.json
final-profile-operational-dialogue-development-001-progression-terra-live-001,"Persistence, delivery and operations",Local deployment and service continuity,trial-8552f9bfc305,222,257,S-222,2026-09-06,24 valid calls; two guarded failures; weak explanatory adherence,Refine; do not replace Luna on this evidence,research/05_evaluation/final-profile-operational-dialogue-development-001-progression-terra-live-001-results.md,research/05_evaluation/records/final-profile-operational-dialogue-development-001-progression-terra-live-001.json
final-profile-operational-dialogue-development-001-full-live-001,"Persistence, delivery and operations",Local deployment and service continuity,trial-5a76e78c628d,221,256,S-221,2026-09-06,"654calls,484turns,24restarts,16outreach,48consentchanges/0violations;13safegraphfailures","Keep operating evidence; qualityRefine, no learning/fidelity qualification",research/05_evaluation/final-profile-operational-dialogue-development-001-full-live-001-results.md,research/05_evaluation/records/final-profile-operational-dialogue-development-001-full-live-001.json
evaluation-calibration-cluster-development-20260906-001,Evaluation instruments and evidence governance,Benchmark construction and evaluation process,trial-dad9b81cf719,249,284,S-249,2026-09-06,Four substantive mutation defects pass baseline; original28/44 vs39/44 retained; cluster uncertainty explicit,"Keep advisory; Refine semantic scoring, no quality promotion",research/05_evaluation/evaluation-calibration-cluster-development-20260906-001-results.md,research/05_evaluation/records/evaluation-calibration-cluster-development-20260906-001.json
completion-semantic-review-development-001-live-001,Evaluation instruments and evidence governance,Measurement correction and semantic review,trial-b91bfa1e0ea3,261,296,S-261,2026-09-06,22 valid calls; clean-control disagreement; calibration gate failed,Refine ambiguous positive control; zero tutor judgments,research/05_evaluation/completion-semantic-review-development-001-live-001-results.md,research/05_evaluation/records/completion-semantic-review-development-001-live-001.json
output-cap-progression-development-001-live-001,Evaluation instruments and evidence governance,Benchmark construction and evaluation process,trial-7f91c8bb7c94,253,288,S-253,2026-09-06,"228calls;4vs0truncations,1vs7count-limit failures",Refine missing bounded-contract communication; no profile/default change,research/05_evaluation/output-cap-progression-development-001-live-001-results.md,research/05_evaluation/records/output-cap-progression-development-001-live-001.json
completion-semantic-review-development-001-live-002,Evaluation instruments and evidence governance,Measurement correction and semantic review,trial-ef304ac86cc9,262,297,S-262,2026-09-06,Calibration64/64;87 valid product judgments; transfer audit finds serious errors,Drop as decision-bearing semantic scorer; no accuracy/ranking claim,research/05_evaluation/completion-semantic-review-development-001-live-002-results.md,research/05_evaluation/records/completion-semantic-review-development-001-live-002.json
bounded-contract-progression-development-001-live-001,Evaluation instruments and evidence governance,Benchmark construction and evaluation process,trial-c0fe822dd422,247,282,S-247,2026-09-06,14 vs 0 schema failures; all outputs reviewed,Keep opt-in contract; Refine teaching continuation,research/05_evaluation/bounded-contract-progression-development-001-live-001-results.md,research/05_evaluation/records/bounded-contract-progression-development-001-live-001.json
bounded-contract-progression-development-001-switch-live-001,Evaluation instruments and evidence governance,Benchmark construction and evaluation process,trial-bed0a34bbb04,248,283,S-248,2026-09-06,24 valid calls; all6 new-topic responses withhold solution,Keep narrow boundary observation; Refine broader quality,research/05_evaluation/bounded-contract-progression-development-001-switch-live-001-results.md,research/05_evaluation/records/bounded-contract-progression-development-001-switch-live-001.json
authenticated-loopback-load-development-001-contract-001,"Persistence, delivery and operations",Local deployment and service continuity,trial-f478fdb56a9c,217,252,S-217,2026-09-06,4 answers; 8 saved messages; child exit -15,Refine evaluator shutdown,research/05_evaluation/authenticated-loopback-load-development-001-contract-001-results.md,research/05_evaluation/records/authenticated-loopback-load-development-001-contract-001.json
authenticated-loopback-load-development-001-contract-002,"Persistence, delivery and operations",Local deployment and service continuity,trial-0d204988e03e,217,252,S-217,2026-09-06,4 answers; 8 saved messages; child exit 0,Keep network contract only,research/05_evaluation/authenticated-loopback-load-development-001-contract-002-results.md,research/05_evaluation/records/authenticated-loopback-load-development-001-contract-002.json
bounded-contract-progression-development-001-referents-live-001,Evaluation instruments and evidence governance,Benchmark construction and evaluation process,trial-4e6316d3f653,247,282,S-247,2026-09-06,All3 narrowed replies and2 fresh named replies recover; observed boundaries retained,Keep narrow opt-in remedy; Refine broader quality,research/05_evaluation/bounded-contract-progression-development-001-referents-live-001-results.md,research/05_evaluation/records/bounded-contract-progression-development-001-referents-live-001.json
provider-usage-integrity-development-001,"Persistence, delivery and operations",Local deployment and service continuity,trial-4063e9750ae0,225,260,S-225,2026-09-06,Missing counts rejected; explicit zero preserved,Keep fail-closed parsing,research/05_evaluation/provider-usage-integrity-development-001-results.md,research/05_evaluation/records/provider-usage-integrity-development-001.json
authenticated-loopback-load-development-001-live-001,"Persistence, delivery and operations",Local deployment and service continuity,trial-a97186e68cab,218,253,S-218,2026-09-06,All6 fixed15s gates;0 failures;360 saved messages,Keep bounded loopback only,research/05_evaluation/authenticated-loopback-load-development-001-live-001-results.md,research/05_evaluation/records/authenticated-loopback-load-development-001-live-001.json
paired-pedagogy-development-001-contract-001,Response generation and revision,Instructional generation and repair,trial-3af37acb0b24,87,122,S-87,2026-09-06,0 completed turns; duplicate objectives and invalid one-step profile,Refine evaluator/packet,research/05_evaluation/paired-pedagogy-development-001-contract-001-results.md,research/05_evaluation/records/paired-pedagogy-development-001-contract-001.json
paired-pedagogy-development-001-contract-002,Response generation and revision,Instructional generation and repair,trial-e997cf8fe68e,87,122,S-87,2026-09-06,All histories complete;48 injected calls,Keep contract only,research/05_evaluation/paired-pedagogy-development-001-contract-002-results.md,research/05_evaluation/records/paired-pedagogy-development-001-contract-002.json
paired-pedagogy-development-001-live-001,Response generation and revision,Instructional generation and repair,trial-f6c6e13a0ac4,91,126,S-91,2026-09-06,216 provider calls complete; local safe failures8/29,Refine pending semantic review,research/05_evaluation/paired-pedagogy-development-001-live-001-results.md,research/05_evaluation/records/paired-pedagogy-development-001-live-001.json
paired-pedagogy-development-001-v6-contract-001,Response generation and revision,Instructional generation and repair,trial-eb9df503a308,100,135,S-100,2026-09-06,All complete;48 injected calls,Keep contract only,research/05_evaluation/paired-pedagogy-development-001-v6-contract-001-results.md,research/05_evaluation/records/paired-pedagogy-development-001-v6-contract-001.json
paired-pedagogy-development-001-boundary-v6-contract-001,Response generation and revision,Instructional generation and repair,trial-3502a654aace,80,115,S-80,2026-09-06,All complete;16 injected calls,Keep contract only,research/05_evaluation/paired-pedagogy-development-001-boundary-v6-contract-001-results.md,research/05_evaluation/records/paired-pedagogy-development-001-boundary-v6-contract-001.json
paired-pedagogy-development-001-v6-live-001,Response generation and revision,Instructional generation and repair,trial-948546d32d32,100,135,S-100,2026-09-06,V6 useful43/48; V4 15/48,Main gates pass; overall Refine because separate boundary sidecar fails,research/05_evaluation/paired-pedagogy-development-001-v6-live-001-results.md,research/05_evaluation/records/paired-pedagogy-development-001-v6-live-001.json
paired-pedagogy-development-001-boundary-v6-live-001,Response generation and revision,Instructional generation and repair,trial-95a2289e6ef3,80,115,S-80,2026-09-06,V6 useful6/8; V4 4/8,Refine: boundary usefulness6/8 fails fixed7/8 gate,research/05_evaluation/paired-pedagogy-development-001-boundary-v6-live-001-results.md,research/05_evaluation/records/paired-pedagogy-development-001-boundary-v6-live-001.json
paired-pedagogy-development-001-v7-contract-001,Response generation and revision,Instructional generation and repair,trial-5b7e7801fae0,101,136,S-101,2026-09-06,All complete; 48 injected calls,Keep contract only,research/05_evaluation/paired-pedagogy-development-001-v7-contract-001-results.md,research/05_evaluation/records/paired-pedagogy-development-001-v7-contract-001.json
paired-pedagogy-development-001-boundary-v7-contract-001,Response generation and revision,Instructional generation and repair,trial-88724efa32a0,81,116,S-81,2026-09-06,All complete; 16 injected calls,Keep contract only,research/05_evaluation/paired-pedagogy-development-001-boundary-v7-contract-001-results.md,research/05_evaluation/records/paired-pedagogy-development-001-boundary-v7-contract-001.json
paired-pedagogy-development-001-mixed-stage-v7-contract-001,Response generation and revision,Instructional generation and repair,trial-f1276d3f7487,93,128,S-93,2026-09-06,All complete; 32 injected calls,Keep contract only,research/05_evaluation/paired-pedagogy-development-001-mixed-stage-v7-contract-001-results.md,research/05_evaluation/records/paired-pedagogy-development-001-mixed-stage-v7-contract-001.json
paired-pedagogy-development-001-v7-live-001,Response generation and revision,Instructional generation and repair,trial-d0c7483c6aa5,101,136,S-101,2026-09-06,V7 useful 33/48; primary 10/16; V4 useful 15/48,Refine: main coverage gates failed,research/05_evaluation/paired-pedagogy-development-001-v7-live-001-results.md,research/05_evaluation/records/paired-pedagogy-development-001-v7-live-001.json
paired-pedagogy-development-001-boundary-v7-live-001,Response generation and revision,Instructional generation and repair,trial-5712970737b3,81,116,S-81,2026-09-06,V7 useful 6/8; V4 4/8,Refine: fixed 7/8 usefulness gate failed,research/05_evaluation/paired-pedagogy-development-001-boundary-v7-live-001-results.md,research/05_evaluation/records/paired-pedagogy-development-001-boundary-v7-live-001.json
paired-pedagogy-development-001-mixed-stage-v7-live-001,Response generation and revision,Instructional generation and repair,trial-cc29f37cc136,94,129,S-94,2026-09-06,"V7 useful 5/8; initial 3/4, post-attempt 2/4",Refine: overall and post-attempt gates failed,research/05_evaluation/paired-pedagogy-development-001-mixed-stage-v7-live-001-results.md,research/05_evaluation/records/paired-pedagogy-development-001-mixed-stage-v7-live-001.json
pedagogy-secondary-disclosure-review-erratum-001,Response generation and revision,Instructional generation and repair,trial-24244cb534a4,103,138,S-103,2026-09-06,Two missed secondary-concept disclosures; V5 useful30→29/48; V6 control critical0→1,Refine; preserve originals and use corrected interpretation,research/05_evaluation/pedagogy-secondary-disclosure-review-erratum-001-results.md,research/05_evaluation/records/pedagogy-secondary-disclosure-review-erratum-001.json
paired-pedagogy-development-001-v8-contract-001,Response generation and revision,Instructional generation and repair,trial-800d20d0e9d9,102,137,S-102,2026-09-06,All complete; 48 injected calls,Keep contract only,research/05_evaluation/paired-pedagogy-development-001-v8-contract-001-results.md,research/05_evaluation/records/paired-pedagogy-development-001-v8-contract-001.json
paired-pedagogy-development-001-boundary-v8-contract-001,Response generation and revision,Instructional generation and repair,trial-d54f232211a2,82,117,S-82,2026-09-06,All complete; 16 injected calls,Keep contract only,research/05_evaluation/paired-pedagogy-development-001-boundary-v8-contract-001-results.md,research/05_evaluation/records/paired-pedagogy-development-001-boundary-v8-contract-001.json
paired-pedagogy-development-001-mixed-stage-v8-contract-001,Response generation and revision,Instructional generation and repair,trial-d7d3b9588355,94,129,S-94,2026-09-06,All complete; 32 injected calls,Keep contract only,research/05_evaluation/paired-pedagogy-development-001-mixed-stage-v8-contract-001-results.md,research/05_evaluation/records/paired-pedagogy-development-001-mixed-stage-v8-contract-001.json
paired-pedagogy-development-001-v8-live-001,Response generation and revision,Instructional generation and repair,trial-1bbd6fe90334,102,137,S-102,2026-09-06,"V8 useful 39/48, primary 16/16; V4 16/48, 2/16",Narrow gates pass; overall Refine for profile defects,research/05_evaluation/paired-pedagogy-development-001-v8-live-001-results.md,research/05_evaluation/records/paired-pedagogy-development-001-v8-live-001.json
paired-pedagogy-development-001-boundary-v8-live-001,Response generation and revision,Instructional generation and repair,trial-51668097c6c9,82,117,S-82,2026-09-06,V8 useful 8/8; V4 4/8,Narrow gates pass; overall Refine for profile defects,research/05_evaluation/paired-pedagogy-development-001-boundary-v8-live-001-results.md,research/05_evaluation/records/paired-pedagogy-development-001-boundary-v8-live-001.json
paired-pedagogy-development-001-mixed-stage-v8-live-001,Response generation and revision,Instructional generation and repair,trial-1f55d359de81,95,130,S-95,2026-09-06,V8 useful 8/8; V4 0/8,Narrow gates pass; overall Refine for profile defects,research/05_evaluation/paired-pedagogy-development-001-mixed-stage-v8-live-001-results.md,research/05_evaluation/records/paired-pedagogy-development-001-mixed-stage-v8-live-001.json
instructional-eight-history-operational-development-001-contract-001,Response generation and revision,Instructional generation and repair,trial-2fac72210ad0,77,112,S-77,2026-09-06,Completed; 8 restart matches and 16 consent changes,Keep instrumentation only,research/05_evaluation/instructional-eight-history-operational-development-001-contract-001.md,research/05_evaluation/records/instructional-eight-history-operational-development-001-contract-001.json
paired-pedagogy-development-001-v9-contract-001,Instructor configuration and teaching policy,Instructor policy and profile alignment,trial-a54a8c4ac0b6,118,153,S-118,2026-09-06,All complete; 48 injected calls,Keep contract only,research/05_evaluation/paired-pedagogy-development-001-v9-contract-001-results.md,research/05_evaluation/records/paired-pedagogy-development-001-v9-contract-001.json
paired-pedagogy-development-001-boundary-v9-contract-001,Instructor configuration and teaching policy,Instructor policy and profile alignment,trial-c4aa54aff019,117,152,S-117,2026-09-06,All complete; 16 injected calls,Keep contract only,research/05_evaluation/paired-pedagogy-development-001-boundary-v9-contract-001-results.md,research/05_evaluation/records/paired-pedagogy-development-001-boundary-v9-contract-001.json
paired-pedagogy-development-001-mixed-stage-v9-contract-001,Instructor configuration and teaching policy,Instructor policy and profile alignment,trial-e5fae9d75cd3,117,152,S-117,2026-09-06,All complete; 32 injected calls,Keep contract only,research/05_evaluation/paired-pedagogy-development-001-mixed-stage-v9-contract-001-results.md,research/05_evaluation/records/paired-pedagogy-development-001-mixed-stage-v9-contract-001.json
paired-pedagogy-development-001-v9-live-001,Response generation and revision,Instructional generation and repair,trial-7711488d7d3d,103,138,S-103,2026-09-06,"V9 useful 45/48, primary 16/16; appropriate explanations 11/12",Overall Refine; confirmation closed,research/05_evaluation/paired-pedagogy-development-001-v9-live-001-results.md,research/05_evaluation/records/paired-pedagogy-development-001-v9-live-001.json
paired-pedagogy-development-001-boundary-v9-live-001,Response generation and revision,Instructional generation and repair,trial-39792b0b1e3a,83,118,S-83,2026-09-06,V9 useful 8/8; V4 4/8,Overall Refine; confirmation closed,research/05_evaluation/paired-pedagogy-development-001-boundary-v9-live-001-results.md,research/05_evaluation/records/paired-pedagogy-development-001-boundary-v9-live-001.json
paired-pedagogy-development-001-mixed-stage-v9-live-001,Response generation and revision,Instructional generation and repair,trial-ccb27fc8e658,95,130,S-95,2026-09-06,"V9 useful 7/8; initial 3/4, post-attempt 4/4",Sidecar gates pass; overall Refine,research/05_evaluation/paired-pedagogy-development-001-mixed-stage-v9-live-001-results.md,research/05_evaluation/records/paired-pedagogy-development-001-mixed-stage-v9-live-001.json
paired-pedagogy-development-001-v10-contract-001,Response generation and revision,Instructional generation and repair,trial-f895f0d6982d,99,134,S-99,2026-09-06,48 injected calls; zero external calls,Keep contract only,research/05_evaluation/paired-pedagogy-development-001-v10-contract-001-results.md,research/05_evaluation/records/paired-pedagogy-development-001-v10-contract-001.json
paired-pedagogy-development-001-boundary-v10-contract-001,Response generation and revision,Instructional generation and repair,trial-01ad5cc17e81,79,114,S-79,2026-09-06,16 injected calls; zero external calls,Keep contract only,research/05_evaluation/paired-pedagogy-development-001-boundary-v10-contract-001-results.md,research/05_evaluation/records/paired-pedagogy-development-001-boundary-v10-contract-001.json
paired-pedagogy-development-001-mixed-stage-v10-contract-001,Response generation and revision,Instructional generation and repair,trial-980ac1b284ec,92,127,S-92,2026-09-06,32 injected calls; zero external calls,Keep contract only,research/05_evaluation/paired-pedagogy-development-001-mixed-stage-v10-contract-001-results.md,research/05_evaluation/records/paired-pedagogy-development-001-mixed-stage-v10-contract-001.json
teaching-profile-responsiveness-development-001-v10-contract-001,Instructor configuration and teaching policy,Instructor policy and profile alignment,trial-cebd04a92752,123,158,S-123,2026-09-06,All bindings matched; zero external calls,Keep contract only,research/05_evaluation/teaching-profile-responsiveness-development-001-v10-contract-001-results.md,research/05_evaluation/records/teaching-profile-responsiveness-development-001-v10-contract-001.json
paired-pedagogy-development-001-boundary-v10-live-001,Response generation and revision,Instructional generation and repair,trial-2a20b52ed527,79,114,S-79,2026-09-06,V10 8/8 useful; V4 4/8; narrow gates pass,Keep narrow result; broader completion unqualified,research/05_evaluation/paired-pedagogy-development-001-boundary-v10-live-001-results.md,research/05_evaluation/records/paired-pedagogy-development-001-boundary-v10-live-001.json
paired-pedagogy-development-001-v10-live-001,Response generation and revision,Instructional generation and repair,trial-b9f595fd3dff,99,134,S-99,2026-09-06,V10 48/48 useful; V4 15/48; narrow gates pass,Keep narrow result; broader completion unqualified,research/05_evaluation/paired-pedagogy-development-001-v10-live-001-results.md,research/05_evaluation/records/paired-pedagogy-development-001-v10-live-001.json
paired-pedagogy-development-001-mixed-stage-v10-live-001,Response generation and revision,Instructional generation and repair,trial-2d7cfb4fbdf1,92,127,S-92,2026-09-06,V10 8/8 useful; V4 0/8; narrow gates pass,Keep narrow result; broader completion unqualified,research/05_evaluation/paired-pedagogy-development-001-mixed-stage-v10-live-001-results.md,research/05_evaluation/records/paired-pedagogy-development-001-mixed-stage-v10-live-001.json
instructional-eight-history-operational-development-001-v10-contract-001,Response generation and revision,Instructional generation and repair,trial-ea5fb5336bfa,77,112,S-77,2026-09-06,Completed; 8 restart matches and 16 consent changes,Keep instrumentation only,research/05_evaluation/instructional-eight-history-operational-development-001-v10-contract-001.md,research/05_evaluation/records/instructional-eight-history-operational-development-001-v10-contract-001.json
teaching-profile-responsiveness-development-001-v10-live-001,Instructor configuration and teaching policy,Instructor policy and profile alignment,trial-d186e727297c,123,158,S-123,2026-09-06,5/6 on-style; 2/3 qualified pairs; 1 verified critical,Refine; semantic gate failed,research/05_evaluation/teaching-profile-responsiveness-development-001-v10-live-001-results.md,research/05_evaluation/records/teaching-profile-responsiveness-development-001-v10-live-001.json
paired-pedagogy-development-001-confirmation-v10-live-001,Response generation and revision,Instructional generation and repair,trial-73b25315d164,86,121,S-86,2026-09-06,V10 44/48 useful; 1 verified critical; confirmation failed,Refine; semantic gate failed,research/05_evaluation/paired-pedagogy-development-001-confirmation-v10-live-001-results.md,research/05_evaluation/records/paired-pedagogy-development-001-confirmation-v10-live-001.json
instructional-eight-history-operational-development-001-v10-live-001,Response generation and revision,Instructional generation and repair,trial-59c53463cecf,78,113,S-78,2026-09-06,Completed provider-backed development,Refine,research/05_evaluation/instructional-eight-history-operational-development-001-v10-live-001.md,research/05_evaluation/records/instructional-eight-history-operational-development-001-v10-live-001.json
generation-role-model-development-001-contract-001,Evaluation instruments and evidence governance,Benchmark construction and evaluation process,trial-af3178efcb36,251,286,S-251,2026-09-06,81 injected generation calls; zero external calls,Keep contract only,research/05_evaluation/generation-role-model-development-001-contract-001-results.md,research/05_evaluation/records/generation-role-model-development-001-contract-001.json
generation-role-model-development-001-contract-002,Evaluation instruments and evidence governance,Benchmark construction and evaluation process,trial-078a765416b1,251,286,S-251,2026-09-06,81 injected calls; 0 restarts; zero external calls,Keep contract only,research/05_evaluation/generation-role-model-development-001-contract-002-results.md,research/05_evaluation/records/generation-role-model-development-001-contract-002.json
paired-pedagogy-development-001-v10-sol-low-contract-001,Response generation and revision,Instructional generation and repair,trial-2aaca5ad1088,99,134,S-99,2026-09-06,48 injected calls; 10 restarts; zero external calls,Keep contract only,research/05_evaluation/paired-pedagogy-development-001-v10-sol-low-contract-001-results.md,research/05_evaluation/records/paired-pedagogy-development-001-v10-sol-low-contract-001.json
paired-pedagogy-development-001-boundary-v10-sol-low-contract-001,Response generation and revision,Instructional generation and repair,trial-9e36f1512153,79,114,S-79,2026-09-06,16 injected calls; 0 restarts; zero external calls,Keep contract only,research/05_evaluation/paired-pedagogy-development-001-boundary-v10-sol-low-contract-001-results.md,research/05_evaluation/records/paired-pedagogy-development-001-boundary-v10-sol-low-contract-001.json
paired-pedagogy-development-001-mixed-stage-v10-sol-low-contract-001,Response generation and revision,Instructional generation and repair,trial-039f95d52da3,93,128,S-93,2026-09-06,32 injected calls; 8 restarts; zero external calls,Keep contract only,research/05_evaluation/paired-pedagogy-development-001-mixed-stage-v10-sol-low-contract-001-results.md,research/05_evaluation/records/paired-pedagogy-development-001-mixed-stage-v10-sol-low-contract-001.json
generation-role-model-development-001-protocol-live-001,Evaluation instruments and evidence governance,Benchmark construction and evaluation process,trial-df0d2ea3b84c,252,287,S-252,2026-09-06,6 actual calls; zero provider failures,Keep bounded provider protocol only; semantic selection pending,research/05_evaluation/generation-role-model-development-001-protocol-live-001-results.md,research/05_evaluation/records/generation-role-model-development-001-protocol-live-001.json
generation-role-model-development-001-live-001,Evaluation instruments and evidence governance,Benchmark construction and evaluation process,trial-6f9342170b53,252,287,S-252,2026-09-06,All arms28/28; zero critical; zero paired gain,Refine; no model alternative adopted,research/05_evaluation/generation-role-model-development-001-live-001-results.md,research/05_evaluation/records/generation-role-model-development-001-live-001.json
teaching-profile-responsiveness-development-001-stability-v10-luna-low-trial-1-live-001,Instructor configuration and teaching policy,Instructor policy and profile alignment,trial-786030e424ca,120,155,S-120,2026-09-06,28 actual calls; 0 provider failures,Refine pending complete group review,research/05_evaluation/teaching-profile-responsiveness-development-001-stability-v10-luna-low-trial-1-live-001-results.md,research/05_evaluation/records/teaching-profile-responsiveness-development-001-stability-v10-luna-low-trial-1-live-001.json
paired-pedagogy-development-001-stability-v10-luna-low-trial-1-live-001,Response generation and revision,Instructional generation and repair,trial-6f2bde64d838,96,131,S-96,2026-09-06,216 actual calls; 0 provider failures,Refine pending complete group review,research/05_evaluation/paired-pedagogy-development-001-stability-v10-luna-low-trial-1-live-001-results.md,research/05_evaluation/records/paired-pedagogy-development-001-stability-v10-luna-low-trial-1-live-001.json
teaching-profile-responsiveness-development-001-stability-v10-luna-medium-trial-1-live-001,Instructor configuration and teaching policy,Instructor policy and profile alignment,trial-28adf7b62550,121,156,S-121,2026-09-06,28 actual calls; 0 provider failures,Refine pending complete group review,research/05_evaluation/teaching-profile-responsiveness-development-001-stability-v10-luna-medium-trial-1-live-001-results.md,research/05_evaluation/records/teaching-profile-responsiveness-development-001-stability-v10-luna-medium-trial-1-live-001.json
paired-pedagogy-development-001-stability-v10-luna-medium-trial-1-live-001,Response generation and revision,Instructional generation and repair,trial-c12b247f39a4,97,132,S-97,2026-09-06,216 actual calls; 0 provider failures,Refine pending complete group review,research/05_evaluation/paired-pedagogy-development-001-stability-v10-luna-medium-trial-1-live-001-results.md,research/05_evaluation/records/paired-pedagogy-development-001-stability-v10-luna-medium-trial-1-live-001.json
teaching-profile-responsiveness-development-001-stability-v10-sol-low-trial-1-live-001,Instructor configuration and teaching policy,Instructor policy and profile alignment,trial-be6c3c915dfe,122,157,S-122,2026-09-06,28 actual calls; 0 provider failures,Refine pending complete group review,research/05_evaluation/teaching-profile-responsiveness-development-001-stability-v10-sol-low-trial-1-live-001-results.md,research/05_evaluation/records/teaching-profile-responsiveness-development-001-stability-v10-sol-low-trial-1-live-001.json
paired-pedagogy-development-001-stability-v10-sol-low-trial-1-live-001,Response generation and revision,Instructional generation and repair,trial-2d0fb7495b25,98,133,S-98,2026-09-06,216 actual calls; 0 provider failures,Refine pending complete group review,research/05_evaluation/paired-pedagogy-development-001-stability-v10-sol-low-trial-1-live-001-results.md,research/05_evaluation/records/paired-pedagogy-development-001-stability-v10-sol-low-trial-1-live-001.json
teaching-profile-responsiveness-development-001-stability-v10-sol-low-trial-2-live-001,Instructor configuration and teaching policy,Instructor policy and profile alignment,trial-0c6af3c5f7e3,122,157,S-122,2026-09-06,28 actual calls; 0 provider failures,Refine pending complete group review,research/05_evaluation/teaching-profile-responsiveness-development-001-stability-v10-sol-low-trial-2-live-001-results.md,research/05_evaluation/records/teaching-profile-responsiveness-development-001-stability-v10-sol-low-trial-2-live-001.json
paired-pedagogy-development-001-stability-v10-sol-low-trial-2-live-001,Response generation and revision,Instructional generation and repair,trial-c497c18d9054,98,133,S-98,2026-09-06,216 actual calls; 0 provider failures,Refine pending complete group review,research/05_evaluation/paired-pedagogy-development-001-stability-v10-sol-low-trial-2-live-001-results.md,research/05_evaluation/records/paired-pedagogy-development-001-stability-v10-sol-low-trial-2-live-001.json
teaching-profile-responsiveness-development-001-stability-v10-luna-medium-trial-2-live-001,Instructor configuration and teaching policy,Instructor policy and profile alignment,trial-301a4c83fa52,121,156,S-121,2026-09-06,28 actual calls; 0 provider failures,Refine pending complete group review,research/05_evaluation/teaching-profile-responsiveness-development-001-stability-v10-luna-medium-trial-2-live-001-results.md,research/05_evaluation/records/teaching-profile-responsiveness-development-001-stability-v10-luna-medium-trial-2-live-001.json
paired-pedagogy-development-001-stability-v10-luna-low-trial-2-live-001,Response generation and revision,Instructional generation and repair,trial-d90716c111ff,96,131,S-96,2026-09-06,170 actual calls; 4 provider failures,Refine pending complete group review,research/05_evaluation/paired-pedagogy-development-001-stability-v10-luna-low-trial-2-live-001-results.md,research/05_evaluation/records/paired-pedagogy-development-001-stability-v10-luna-low-trial-2-live-001.json
paired-pedagogy-development-001-stability-v10-luna-medium-trial-2-live-001,Response generation and revision,Instructional generation and repair,trial-dcdeb4a73e4c,97,132,S-97,2026-09-06,215 actual calls; 2 provider failures,Refine pending complete group review,research/05_evaluation/paired-pedagogy-development-001-stability-v10-luna-medium-trial-2-live-001-results.md,research/05_evaluation/records/paired-pedagogy-development-001-stability-v10-luna-medium-trial-2-live-001.json
teaching-profile-responsiveness-development-001-stability-v10-luna-low-trial-2-live-001,Instructor configuration and teaching policy,Instructor policy and profile alignment,trial-bb27e742ecff,120,155,S-120,2026-09-06,28 actual calls; 0 provider failures,Refine pending complete group review,research/05_evaluation/teaching-profile-responsiveness-development-001-stability-v10-luna-low-trial-2-live-001-results.md,research/05_evaluation/records/teaching-profile-responsiveness-development-001-stability-v10-luna-low-trial-2-live-001.json
generation-model-dialogue-stability-development-001,Response generation and revision,Instructional generation and repair,trial-d1336de6a3bb,71,106,S-71,2026-09-06,1417 calls;6 provider failures;31 missing turns,Refine; no adoption,research/05_evaluation/generation-model-dialogue-stability-development-001-results.md,research/05_evaluation/records/generation-model-dialogue-stability-development-001.json
paired-pedagogy-development-001-evidence-strength-v11-contract-001,Response generation and revision,Instructional generation and repair,trial-0584748513c3,89,124,S-89,2026-09-06,50 injected calls;0 external,Keep bounded plumbing only,research/05_evaluation/paired-pedagogy-development-001-evidence-strength-v11-contract-001-results.md,research/05_evaluation/records/paired-pedagogy-development-001-evidence-strength-v11-contract-001.json
teaching-profile-responsiveness-development-001-evidence-strength-v11-contract-001,Instructor configuration and teaching policy,Instructor policy and profile alignment,trial-c9f5c2baf105,119,154,S-119,2026-09-06,28 injected calls;0 external,Keep bounded plumbing only,research/05_evaluation/teaching-profile-responsiveness-development-001-evidence-strength-v11-contract-001-results.md,research/05_evaluation/records/teaching-profile-responsiveness-development-001-evidence-strength-v11-contract-001.json
generation-role-model-development-001-evidence-strength-v11-short-trial-1-live-001,Evaluation instruments and evidence governance,Benchmark construction and evaluation process,trial-7737f2eda927,251,286,S-251,2026-09-06,27 provider attempts;0 failures,Refine pending full group review,research/05_evaluation/generation-role-model-development-001-evidence-strength-v11-short-trial-1-live-001-results.md,research/05_evaluation/records/generation-role-model-development-001-evidence-strength-v11-short-trial-1-live-001.json
teaching-profile-responsiveness-development-001-evidence-strength-v11-profile-trial-1-live-001,Instructor configuration and teaching policy,Instructor policy and profile alignment,trial-70084dcf945b,119,154,S-119,2026-09-06,28 provider attempts;0 failures,Refine pending full group review,research/05_evaluation/teaching-profile-responsiveness-development-001-evidence-strength-v11-profile-trial-1-live-001-results.md,research/05_evaluation/records/teaching-profile-responsiveness-development-001-evidence-strength-v11-profile-trial-1-live-001.json
paired-pedagogy-development-001-evidence-strength-v11-boundary-trial-1-live-001,Response generation and revision,Instructional generation and repair,trial-385c1767d7be,89,124,S-89,2026-09-06,16 provider attempts;0 failures,Refine pending full group review,research/05_evaluation/paired-pedagogy-development-001-evidence-strength-v11-boundary-trial-1-live-001-results.md,research/05_evaluation/records/paired-pedagogy-development-001-evidence-strength-v11-boundary-trial-1-live-001.json
paired-pedagogy-development-001-evidence-strength-v11-mixed-trial-1-live-001,Response generation and revision,Instructional generation and repair,trial-9ebf7c8aefa7,91,126,S-91,2026-09-06,32 provider attempts;0 failures,Refine pending full group review,research/05_evaluation/paired-pedagogy-development-001-evidence-strength-v11-mixed-trial-1-live-001-results.md,research/05_evaluation/records/paired-pedagogy-development-001-evidence-strength-v11-mixed-trial-1-live-001.json
teaching-profile-responsiveness-development-001-evidence-strength-v11-profile-trial-2-live-001,Instructor configuration and teaching policy,Instructor policy and profile alignment,trial-90911e2094dd,120,155,S-120,2026-09-06,28 provider attempts;0 failures,Refine pending full group review,research/05_evaluation/teaching-profile-responsiveness-development-001-evidence-strength-v11-profile-trial-2-live-001-results.md,research/05_evaluation/records/teaching-profile-responsiveness-development-001-evidence-strength-v11-profile-trial-2-live-001.json
paired-pedagogy-development-001-evidence-strength-v11-main-trial-1-live-001,Response generation and revision,Instructional generation and repair,trial-3712b5affbfe,90,125,S-90,2026-09-06,216 provider attempts;0 failures,Refine pending full group review,research/05_evaluation/paired-pedagogy-development-001-evidence-strength-v11-main-trial-1-live-001-results.md,research/05_evaluation/records/paired-pedagogy-development-001-evidence-strength-v11-main-trial-1-live-001.json
paired-pedagogy-development-001-evidence-strength-v11-main-trial-2-live-001,Response generation and revision,Instructional generation and repair,trial-753830ae7426,90,125,S-90,2026-09-06,216 provider attempts;0 failures,Refine pending full group review,research/05_evaluation/paired-pedagogy-development-001-evidence-strength-v11-main-trial-2-live-001-results.md,research/05_evaluation/records/paired-pedagogy-development-001-evidence-strength-v11-main-trial-2-live-001.json
evidence-strength-generation-development-001,Evaluation instruments and evidence governance,Benchmark construction and evaluation process,trial-078cb710ad92,249,284,S-249,2026-09-06,563 calls;0 failures,Refine pending all content gates,research/05_evaluation/evidence-strength-generation-development-001-results.md,research/05_evaluation/records/evidence-strength-generation-development-001.json
independent-factual-revision-controls-001-contract-001,Response generation and revision,Instructional generation and repair,trial-84ef6404abf1,71,106,S-71,2026-09-06,0 external calls;64 local compositions,Keep contract only,research/05_evaluation/independent-factual-revision-controls-001-contract-001-results.md,research/05_evaluation/records/independent-factual-revision-controls-001-contract-001.json
independent-factual-revision-controls-001-live-001,Response generation and revision,Instructional generation and repair,trial-86626d4e1df3,73,108,S-73,2026-09-06,64 external calls;64 local compositions,Refine; Stage A fails preservation/critical gates,research/05_evaluation/independent-factual-revision-controls-001-live-001-results.md,research/05_evaluation/records/independent-factual-revision-controls-001-live-001.json
independent-factual-revision-controls-001-v13-contract-001,Response generation and revision,Instructional generation and repair,trial-63c2dec0ef48,73,108,S-73,2026-09-06,0 external calls;80 local compositions,Keep contract only,research/05_evaluation/independent-factual-revision-controls-001-v13-contract-001-results.md,research/05_evaluation/records/independent-factual-revision-controls-001-v13-contract-001.json
independent-factual-revision-controls-001-v13-live-001,Response generation and revision,Instructional generation and repair,trial-11e810ae0eb7,74,109,S-74,2026-09-06,80 external calls;80 local compositions,Refine: 29/32 reused repairs misses 30/32,research/05_evaluation/independent-factual-revision-controls-001-v13-live-001-results.md,research/05_evaluation/records/independent-factual-revision-controls-001-v13-live-001.json
independent-factual-revision-controls-001-v14-contract-001,Response generation and revision,Instructional generation and repair,trial-ca6c3abf4cbb,74,109,S-74,2026-09-06,0 external calls; 112 local compositions,Keep contract only,research/05_evaluation/independent-factual-revision-controls-001-v14-contract-001-results.md,research/05_evaluation/records/independent-factual-revision-controls-001-v14-contract-001.json
independent-factual-revision-controls-001-v14-live-001,Response generation and revision,Instructional generation and repair,trial-17a69f14e640,74,109,S-74,2026-09-06,112 Sol calls; USD1.037656,Refine,research/05_evaluation/independent-factual-revision-controls-001-v14-live-001-results.md,research/05_evaluation/records/independent-factual-revision-controls-001-v14-live-001.json
independent-factual-revision-controls-001-v14-medium-trial-1-live-001,Response generation and revision,Instructional generation and repair,trial-cbeb5356164a,75,110,S-75,2026-09-06,112 Sol calls; USD1.126396,Go Deeper,research/05_evaluation/independent-factual-revision-controls-001-v14-medium-trial-1-live-001-results.md,research/05_evaluation/records/independent-factual-revision-controls-001-v14-medium-trial-1-live-001.json
independent-factual-revision-controls-001-v14-medium-trial-2-live-001,Response generation and revision,Instructional generation and repair,trial-a6f21002c297,75,110,S-75,2026-09-06,112 Sol calls; USD1.111496,Go Deeper,research/05_evaluation/independent-factual-revision-controls-001-v14-medium-trial-2-live-001-results.md,research/05_evaluation/records/independent-factual-revision-controls-001-v14-medium-trial-2-live-001.json
generation-role-model-development-001-conditional-v14-medium-short-trial-1-live-001,Evaluation instruments and evidence governance,Benchmark construction and evaluation process,trial-00e11813be68,250,285,S-250,2026-09-06,54 calls;0 failures,Go Deeper: narrow packet gates pass; main instrument requires correction,research/05_evaluation/generation-role-model-development-001-conditional-v14-medium-short-trial-1-live-001-results.md,research/05_evaluation/records/generation-role-model-development-001-conditional-v14-medium-short-trial-1-live-001.json
teaching-profile-responsiveness-development-001-conditional-v14-medium-profile-trial-1-live-001,Instructor configuration and teaching policy,Instructor policy and profile alignment,trial-0af8c2b710e6,118,153,S-118,2026-09-06,44 calls;0 failures,Go Deeper: narrow packet gates pass; main instrument requires correction,research/05_evaluation/teaching-profile-responsiveness-development-001-conditional-v14-medium-profile-trial-1-live-001-results.md,research/05_evaluation/records/teaching-profile-responsiveness-development-001-conditional-v14-medium-profile-trial-1-live-001.json
paired-pedagogy-development-001-conditional-v14-medium-main-trial-1-live-001,Response generation and revision,Instructional generation and repair,trial-4792f996e03b,84,119,S-84,2026-09-06,292 calls;0 failures,Refine: main source-oracle inconsistency prevents factual qualification,research/05_evaluation/paired-pedagogy-development-001-conditional-v14-medium-main-trial-1-live-001-results.md,research/05_evaluation/records/paired-pedagogy-development-001-conditional-v14-medium-main-trial-1-live-001.json
paired-pedagogy-development-001-conditional-v14-medium-boundary-trial-1-live-001,Response generation and revision,Instructional generation and repair,trial-7a02d0eef07b,83,118,S-83,2026-09-06,24 calls;0 failures,Go Deeper: narrow packet gates pass; main instrument requires correction,research/05_evaluation/paired-pedagogy-development-001-conditional-v14-medium-boundary-trial-1-live-001-results.md,research/05_evaluation/records/paired-pedagogy-development-001-conditional-v14-medium-boundary-trial-1-live-001.json
paired-pedagogy-development-001-conditional-v14-medium-mixed-trial-1-live-001,Response generation and revision,Instructional generation and repair,trial-8ac910b3d1ef,85,120,S-85,2026-09-06,44 calls;0 failures,Go Deeper: narrow packet gates pass; main instrument requires correction,research/05_evaluation/paired-pedagogy-development-001-conditional-v14-medium-mixed-trial-1-live-001-results.md,research/05_evaluation/records/paired-pedagogy-development-001-conditional-v14-medium-mixed-trial-1-live-001.json
teaching-profile-responsiveness-development-001-conditional-v14-medium-profile-trial-2-live-001,Instructor configuration and teaching policy,Instructor policy and profile alignment,trial-67933157916b,118,153,S-118,2026-09-06,44 calls;0 failures,Go Deeper: narrow packet gates pass; main instrument requires correction,research/05_evaluation/teaching-profile-responsiveness-development-001-conditional-v14-medium-profile-trial-2-live-001-results.md,research/05_evaluation/records/teaching-profile-responsiveness-development-001-conditional-v14-medium-profile-trial-2-live-001.json
paired-pedagogy-development-001-conditional-v14-medium-main-trial-2-live-001,Response generation and revision,Instructional generation and repair,trial-82acd48be330,84,119,S-84,2026-09-06,292 calls;0 failures,Refine: main source-oracle inconsistency prevents factual qualification,research/05_evaluation/paired-pedagogy-development-001-conditional-v14-medium-main-trial-2-live-001-results.md,research/05_evaluation/records/paired-pedagogy-development-001-conditional-v14-medium-main-trial-2-live-001.json
paired-pedagogy-development-001-conditional-v14-medium-necessity-trial-1-live-001,Response generation and revision,Instructional generation and repair,trial-afae5d11200d,86,121,S-86,2026-09-06,24 calls; 0 failures,"Refine: 7/8, 1 critical",research/05_evaluation/paired-pedagogy-development-001-conditional-v14-medium-necessity-trial-1-live-001-results.md,research/05_evaluation/records/paired-pedagogy-development-001-conditional-v14-medium-necessity-trial-1-live-001.json
main-oracle-alignment-001,Evaluation instruments and evidence governance,Measurement correction and semantic review,trial-d7f50fcb5463,264,299,S-264,2026-09-06,10 tests; 112 injected histories; 0 calls,Keep instrument correction,research/05_evaluation/main-oracle-alignment-001-results.md,research/05_evaluation/records/main-oracle-alignment-001.json
paired-pedagogy-development-001-conditional-v14-medium-main-v3-trial-1-live-001,Response generation and revision,Instructional generation and repair,trial-3ed6490663bc,84,119,S-84,2026-09-06,292 calls; 0 provider failures,Main gates pass; overall Refine,research/05_evaluation/paired-pedagogy-development-001-conditional-v14-medium-main-v3-trial-1-live-001-results.md,research/05_evaluation/records/paired-pedagogy-development-001-conditional-v14-medium-main-v3-trial-1-live-001.json
paired-pedagogy-development-001-conditional-v14-medium-main-v3-trial-2-live-001,Response generation and revision,Instructional generation and repair,trial-eb60297df83a,85,120,S-85,2026-09-06,291 calls; 0 provider failures,Main gates pass; overall Refine,research/05_evaluation/paired-pedagogy-development-001-conditional-v14-medium-main-v3-trial-2-live-001-results.md,research/05_evaluation/records/paired-pedagogy-development-001-conditional-v14-medium-main-v3-trial-2-live-001.json
independent-factual-revision-controls-001-v15-trial-1-live-001,Response generation and revision,Instructional generation and repair,trial-1042e9cc2ad1,75,110,S-75,2026-09-06,112 calls; 0 provider failures,Drop for integration: 3 criticals,research/05_evaluation/independent-factual-revision-controls-001-v15-trial-1-live-001-results.md,research/05_evaluation/records/independent-factual-revision-controls-001-v15-trial-1-live-001.json
independent-factual-revision-controls-001-v15-trial-2-live-001,Response generation and revision,Instructional generation and repair,trial-f37d1d65d0c4,76,111,S-76,2026-09-06,112 calls; 0 provider failures,"Drop for integration: 1 critical, 1 uncertain",research/05_evaluation/independent-factual-revision-controls-001-v15-trial-2-live-001-results.md,research/05_evaluation/records/independent-factual-revision-controls-001-v15-trial-2-live-001.json
paired-pedagogy-development-001-direct-v11-sol-high-necessity-live-001,Response generation and revision,Instructional generation and repair,trial-72dc37badaaf,88,123,S-88,2026-09-06,16 calls; 0 provider failures,"Drop: 6/8, 2 criticals",research/05_evaluation/paired-pedagogy-development-001-direct-v11-sol-high-necessity-live-001-results.md,research/05_evaluation/records/paired-pedagogy-development-001-direct-v11-sol-high-necessity-live-001.json
paired-pedagogy-development-001-direct-v11-sol-high-contrast-live-001,Response generation and revision,Instructional generation and repair,trial-46d341355b0e,88,123,S-88,2026-09-06,32 calls; 0 provider failures,"Drop: 12/16, 4 criticals",research/05_evaluation/paired-pedagogy-development-001-direct-v11-sol-high-contrast-live-001-results.md,research/05_evaluation/records/paired-pedagogy-development-001-direct-v11-sol-high-contrast-live-001.json
independent-factual-revision-controls-001-v16-trial-1-live-001,Response generation and revision,Instructional generation and repair,trial-5de6d8d84493,76,111,S-76,2026-09-06,112 calls; 0 provider failures,Go Deeper for this trial only; second trial required,research/05_evaluation/independent-factual-revision-controls-001-v16-trial-1-live-001-results.md,research/05_evaluation/records/independent-factual-revision-controls-001-v16-trial-1-live-001.json
independent-factual-revision-controls-001-v16-trial-2-live-001,Response generation and revision,Instructional generation and repair,trial-f8559dae16ec,76,111,S-76,2026-09-06,112 calls; 0 provider failures,Refine: fresh-flawed15/16 misses fixed gate; no product integration,research/05_evaluation/independent-factual-revision-controls-001-v16-trial-2-live-001-results.md,research/05_evaluation/records/independent-factual-revision-controls-001-v16-trial-2-live-001.json
independent-factual-revision-controls-001-fresh-v14-medium-live-001,Response generation and revision,Instructional generation and repair,trial-6db1e9f2d674,72,107,S-72,2026-09-06,103/112 useful;1critical;1uncertain,Refine; no integration,research/05_evaluation/independent-factual-revision-controls-001-fresh-v14-medium-live-001-results.md,research/05_evaluation/records/independent-factual-revision-controls-001-fresh-v14-medium-live-001.json
independent-factual-revision-controls-001-fresh-v16-live-001,Response generation and revision,Instructional generation and repair,trial-1aa809e67c58,72,107,S-72,2026-09-06,103/112 useful;1critical;2uncertain,Refine; no integration,research/05_evaluation/independent-factual-revision-controls-001-fresh-v16-live-001-results.md,research/05_evaluation/records/independent-factual-revision-controls-001-fresh-v16-live-001.json
fresh-assessment-generalization-comparison-001,Evaluation instruments and evidence governance,Benchmark construction and evaluation process,trial-24468c6bfeae,250,285,S-250,2026-09-06,Both103/112;each1critical;delta0pp,Refine; prospective gates failed,research/05_evaluation/fresh-assessment-generalization-comparison-001-results.md,research/05_evaluation/records/fresh-assessment-generalization-comparison-001.json
generated-professor-preview-browser-development-001-live-001,Instructor configuration and teaching policy,Instructor policy and profile alignment,trial-8d335a672afa,116,151,S-116,2026-09-06,2calls;USD0.009635; exact approval+refresh,Keep workflow for evaluation; no candidate qualification,research/05_evaluation/generated-professor-preview-browser-development-001-live-001-results.md,research/05_evaluation/records/generated-professor-preview-browser-development-001-live-001.json
checkpoint-writer-coordination-development-20260906-001,Evaluation instruments and evidence governance,Benchmark construction and evaluation process,trial-1fa08ec20e4d,248,283,S-248,2026-09-06,Baseline33/300 vs candidate0/400 request failures; 0 external calls,Keep local writer repair only,research/05_evaluation/checkpoint-writer-coordination-development-20260906-001-results.md,research/05_evaluation/records/checkpoint-writer-coordination-development-20260906-001.json
